train_jnuoftckev|Tháº±ng Bá»±a yáº¿u Ä‘uá»‘i vl :)
train_mbwzsfpzva|Hiá»ƒu Nghi nhÃ¬n cÃ¡i muá»‘n Ä‘áº» vl
train_miziztcksy|Há»“ng Ngá»c dm hÃ£ng nÃ y cháº¯c Ä‘au Ä‘áº§u vl
train_iavckckqcw|Ä‘m thá» nhá» vl
train_xzewrogjtm|SÆ¡n Tráº§n game khÃ³ vl
train_wzhedojrrq|Chua vcl . ğŸ˜‘
train_dweokyiusl|lá»«a Ä‘c mÃ¬nh xong cháº·n cmnl . bá»‘ theo chÃºng mÃ y . thÃ´ng bÃ¡o cho mn biáº¿t háº¿t lá»«a luÃ´n <URL> ÄÃ£ cÃ³ 1938193 khÃ¡ch hÃ ng . KhÃ¡ch Ä‘Ã£ tin tÆ°á»Ÿng sá»­ dá»¥ng SIM
train_rfnizsfmyc|Äm khinh nhau vl
train_qfixhrelfp|Tao Ä‘Ã­nh chÃ­nh láº¡i lÃ  tao Ä‘Ã©o ngu nhÃ© :)
train_hieabrwtsb|:) lÃ m Ã©o gÃ¬ Ä‘áº¿n lÃºc Ä‘Ã³ d . m Ä‘á»i tao khá»• vcl
train_zrzypewabv|LÆ°u ThÃ nh CÃ´ng eo Ã´i CÃ´ng láº¥y vá»£ sá»›m vl
train_ajorocsmvo|t Ä‘Ã¢y , cÃ³ mÃ´n Ä‘ cáº§n Ã´n váº«n qua mÃ´n , ná»ƒ t vl :)
train_tipvyedlxl|Cáº¯t dÃ¢y mÃ u Ä‘en kia nÃ¨ . . . Ngu vl
train_tozwjkiuac|TrÃ¢m TrÃ¢m nhÃ¬n dÆ¡ vl
train_cwbjogkucj|DÃ¢n máº¡ng Ã¡c vl .
train_kqseaqesvg|Tráº§n Má»¹ Linh dm hÃ¬nh bÃ­ máº­t mÃ  :)
train_hkvemxofdj|Triá»‡u PhÆ°Æ¡ng lol m tá»Ÿm vl
train_kxqphuheua|Kelly Nguyen Ä‘m thuá»‘c tÄƒng cÃ¢n hiá»‡u quáº£ vl
train_ydfyfbvmmk|Äcm vcl =)
train_ewnlkvocge|Rá»—i láº¡i vá»¡ má»“m con chÃ³ . Ngu ngá»‘c
train_sakrywzzdc|Láº¡ lÃ¹ng vcl :)
train_mitulpoqif|LÃ m nhÆ° phá»¥ ná»­ lÃ  tiÃªn hay thÃ¡nh . . . . . . háº£y nhÃ¬n láº¡i mÃ¬nh Ä‘i cÃ¡t bá»¥i váº©n lÃ  cÃ¡c bá»¥i phá»¥ ná»­ cÅ©ng lÃ  má»™t con ngÆ°á»i nhÆ° má»i ngÆ°á»i khÃ¡c . . . . náº¿u nÃ³i cho chÃ­nh xÃ¡c chuyá»‡n gÃ¬ mÃ  lÃ m xáº¥u xa nhá»¥c nháº£ nháº¥t cho cha máº¹ Ã´ng bÃ  tá»• tiÃªn lÃ  ai lÃ  phá»¥ ná»­ . . . nhÆ°ng há»Ÿ nÃ³i ra thÃ¬ náº¥y chá»‹ nÃ³i Ä‘Ã n Ã´ng lÃ  xáº¥u nháº¥t lÃ m nhÆ° phá»¥ ná»­ cÃ³ giÃ¡ láº¯m váº­y . nhÆ°ng rá»›t giÃ¡ rá»“i cá»¥c cá»©t ngÆ°á»i Ä‘á»i cÃ²n nhÃ¬n chá»› cÃ¡i máº·t rá»›t giÃ¡ ko ai nhÃ¬nh Ä‘Ã¢u . . . . . . . ngá»“i mÃ  ngáº©m láº¡i Ä‘i . . . . . chá»› Ä‘á»«ng há»Ÿ ra chÃº tÃ¢m mÃ  chÆ°á»Ÿi Ä‘Ã n Ã´ng . . . .
train_mltlykvhia|PÃ© Nhi záº­y lÃ  m xÃ¬ hÆ¡i rá»“i Ä‘á»• thá»«a háº£ m ? Zu khá»‘ng háº£ m
train_fdgiakgzyx|Äm bá»±c mk vl
train_ckzlpynhvq|nhÃ¬n cÆ°ng mÃ  báº©n vl
train_ieuhdinnyi|Dcm tá»Ÿm vl bá»‡nh hoáº¡n vl
train_gjlauvvwvm|Äm a66 khÃ´n vl
train_mixxgddkom|lz tá»Ÿm moÃ y :v
train_fpdxwfwdmo|Äá»©c PhÃºc bn xÃ m vl
train_vsdqeagjjb|Dmm , nhá»¥c nhÃ£ vcl
train_byqhbaqpdq|Äá»• vá» chá»© gÃ¬ . Tao Ä‘Ã©o ngu =)
train_rfjvjdofgf|Tráº§n Nga Ä‘ell ai rep tá»™i vl
train_gapriimzmc|NhÃ¬n nhÆ° lÅ© nghiá»‡n vl
train_ffriroemzn|chÃ³ chÃ³ chÃ³ . . . ngu nhÆ° chÃ³ :)
train_bjfppviljd|DÆ°á»ng nhÆ° tao cÆ°á»i nhiá»u qÃºa ğŸ˜Š . NÃªn Ä‘áº¿n khi buá»“n thÃ¬ Ä‘Ã©o ai tin ğŸ˜© ğŸ˜© <URL>
train_jgtfhwdnkp|RÃ¬ sá»t nÃ³ cÅ©ng ra gÃ¬ vl - _ -
train_ndyzzpzwti|Vá»«a khá»i xong nhá»¥c vl
train_wwqwcceudw|ğŸ™„ ğŸ˜£ khÃ³ Æ°a vl
train_phkxyucxxo|Nhii Yáº¿nn há»¥t háº«ng vl ğŸ¤§ ğŸ¤§
train_svelgtdsjd|XÃ m vÃ  nháº¡t vl
train_nrfxbroeyg|Huy HoÃ ng pháº¿ váº­t má»›i vl :)
train_dsilvpxhuu|NghÃ¨o thÃ¬ sao nghÃ¨ ká»‡tao nghÃ¨ thÃ¬ sao nghÃ¨o ká»‡bá»‘ tao
train_ipaqooaksz|Ny tÃ´i cá»¥c sÃºc vl raaaaaa ; ( ( (
train_kdzgfknxxh|Má»¥c Ä‘Ã­ch sá»‘ng lÃ  Ä‘á»ƒ lÃ m hÃ i lÃ²ng báº£n thÃ¢n chá»© Ä‘Ã©o pháº£i sá»‘ng cho vá»«a lÃ²ng thiÃªn háº¡ ! . # Äuá»‘i ! ğŸ˜© ğŸ˜© <URL>
train_bcgmqhnrnq|Ngoan Chau ngÃ y Ä‘Ã©o nÃ o mÃ y cÅ©ng chá»­i tao nhÆ° chÃ³ :)
train_kajerfyykm|Nhá» lo chÆ¡i giá» ngu tin há»c . . . há»c láº¡i nhá»©t Ä‘áº§u vl
train_mjszitzdnz|Táº¡i sao tao láº¡i Ä‘Ã©l cÃ³ . Báº¥t cÃ´ng vl
train_qjowqbhozf|ğŸ™‚ ğŸ™‚ ğŸ™‚ ğŸ™‚ sau 2 láº§n mÃ¬nh tá»± Ä‘áº·t táº¥t cáº£ niá»m tin vÃ o ngÆ°á»i khÃ¡c vÃ  bÃ¢y giá» Ä‘Ã©o muá»‘n tin ai ná»¯a ğŸ™‚ tháº¥y dá»‘i trÃ¡ vl
train_ztbzuqaocg|Äáº¡t Äáº¡t cáº·c sÆ°á»›ng vl
train_vkcnqapdjj|BÃ¡n thÃªm xÃ¬ ke hoáº·c lÃ m Ä‘á»‰ Ä‘á»±c ban Ä‘Ãªm nha
train_jcjwypbvox|CÃ¡i Äm xáº¥u nhÆ° cÃºn mÃ  há»ƒ vÃ¡c thÃ¢y ra Ä‘Æ°á»ng lÃ  bá»‹ gháº¹o . MÃ©o há»‰u ? . ğŸ™„ Cá»© e Æ¡i bá»“ Ä‘Ã¢u a Ä‘Æ°a vá» . ğŸ‘€ Rá»“i láº¡i e Æ¡i nhÃ  á»Ÿ Ä‘Ã¢u . Trá»i Ä‘á»¥ bá»™ nhÃ¬n tao giá»‘ng áº¿ láº¯m Ã  ğŸ˜• . Äm chá»‹ lÃ  chá»‹ cÃ³ ck con luÃ´n rá»“i nha chá»‹ ko áº¾ ok Dii TÃ¡nh Nghá»™ Ã­feeling annoyed . <URL> PhotÃ³from Dii TÃ¡nh Nghá»™ ' s post
train_uvlhlsekcz|VÃ£i lÃ¬n phÃ²ng con gÃ¡i gÃª vl
train_cdtxiijmxe|BÃ¨Ã´BÃ¨Ã´giá»‘ng vkl
train_spejtsgtmj|Cá»¥c xÃ¬ láº§u ong bÃª náº¯p . NhÃ  mÃ¬nh nghÃ¨o Ä‘i xe bus . Ká»‡máº¹ bá»n Ä‘i xe khÃ¡ch . Äáº§m giÃ  xÃ¬ gáº·p quy ka Ã¡t . Cáº£ nhÃ  mÃ y bá»‹ phong tÃª tháº¥p . BÃ² má»™t sá»«ng lÃ  con tÃª giÃ¡c . Tháº±ng LuÃ¢n lÃ  con tÃª giÃ¡c . Tháº±ng LuÃ¢n nhiá»u sá»«ng hÆ¡n con tÃª giÃ¡c . . . ğŸ˜› ğŸ˜› ğŸ˜› HoÃ ng Lá»™c Ã­with ThÃ nh LuÃ¢n .
train_yvlzpxpqiv|Sau khÃ´ng mua Bcs nhÄ© tháº±ng náº§y ngu vl
train_mgyrxftude|Nguyen Minh Ngoc Ä‘Ã©o Ä‘Ã©o Ä‘Ã©o
train_bpenugsxij|PhÃº thá» vÃ¹ng Ä‘áº¥t anh hÃ¹ng . 4 cÃ´ gÃ¡i dÃ¹ng chung cÃ¢y hÃ ng . Anh Ä‘Ã¢y cÅ©ng pháº£i ná»… máº¥y nÃ ng . HÃ ng thÃ¬ khÃ´ng hiáº¿m mÃ  máº¥y nÃ ng tranh nhau . Con cu chá»‰ má»›i trong lÃ ng . áº¤y mÃ  gÃ¡y khiáº¿p cáº£ nÆ°á»›c Ä‘á»u khen . Máº¡nh máº½ cÃ¢n Ä‘áº¿n 4 nÃ ng . 5 con chung bá»‘ chá»‰ khÃ¡c má»—i máº¹ . Há»c hÃ nh tá»« nay dá»Ÿ dang . 9 miá»‡ng chá» Äƒn khÃ´ng sÃ³t cÃ¡i nÃ o . Lá»¡ hoang má»™t tÃ½ ai dÃ¨ dÃ­nh chÆ¡i . Chuyáº¿n nÃ y háº¿t hÃ¨ háº¿t há»™i . ÄÃºng lÃ  Ä‘á»i nhÆ° cÃ¡i lol
train_jlaeuybuwk|LÃª Thá»‹ dcm t máº¥t mÃ¡u vl
train_ncbbmejkcl|dcm nÃ³ mÃ  Ä‘ang Ä‘Ãªm nÃ³ tha con há»• mang vá» thÃ¬ cháº¿t cá»¥ m :)
train_uhorqtnfyv|Äm . NÃ³ng vl ra
train_kapwtohtmh|Ngá»c Háº£i nÃ o nhÆ° nÃ¡y , vÃ  cáº§u thá»§ Ä‘Ã¡ cÅ©ng j tiá»n thÃ´i , vÃ´ Ä‘á»‹ch bÃ³ng Ä‘Ã¡ cÅ©ng Ä‘c j , vn ra ngoÃ i ai sá»£ Ä‘Ã¢u , indo philipin campuchia vá» máº·t chÃ­nh trá»‹ Ã©o cÃ³ ngÃ¡n tháº±ng vn vÃ´ Ä‘á»‹ch bÃ³ng Ä‘Ã¡
train_ojmozlusap|áº¤u dÃ¢m vc :v
train_adejfmdtop|Gia CÃ¡t LÆ°á»£ng Ä‘m cÃ³ link Ä‘Ã©o share cho ae Ã  ! !
train_guztjkezxk|Park Ji Huyn Cay vl , Ä‘á»‹t
train_ckhkdgoxgh|KhÃ´ng liÃªn quan nhÆ°ng chá»¯ cá»‘ giÃ¡o Tiá»ƒu há»c mÃ  phÃª xáº¥u tháº¿ kia thÃ¬ tao Ä‘Ã©o tin nhÃ© .
train_tgvdumdrvl|M xem Ä‘i kinh vl
train_vghxlztxch|Nho Mit Uot co dáº¥u thu nhÃ¢n
train_lxgjyzxwbq|KhÃ¡nh Vy ( Äen ) Ãª giá»‘ng vl mi Æ¡i
train_qywacgyqpa|Má»™t cÃ¢u chuyá»‡n ráº¥t cáº£m Ä‘á»™ng máº·c dáº§u vÃ´ cÃ¹ng xaolon
train_rglrstplmo|Nguyá»…n Gáº¥u Ä‘m cuá»‘n Ä‘áº³ng cáº¥p vl
train_rycyiurpqb|Cá»¥c vÃ£i lÃ¬n . Thá» ğŸ˜¥ ğŸ˜¥ ğŸ˜¥ ğŸ˜¥ Nguyá»…n Minh Tuáº¥n <URL> NGÆ¯á»œI SÄ‚N TIN ÄEN . Háº£i PhÃ²ng thÃ¬ Ä‘á»«ng há»i nhÃ© : . . Anh Æ¡i ! CÃ³ gÃ¬ thÃ¬ tá»« tá»« thÃ´i anh Æ¡i . . . ! ğŸ˜” ğŸ˜­ ğŸ˜­ ğŸ˜­ khá»• thÃ¢n quÃ¡ ğŸ˜­ ğŸ˜­ . . P / S : Vá»¥ viá»‡c diá»…n ra lÃºc 15 giá» ngÃ y 4 . 5 , táº¡i ngÃµ HoÃ ng QuÃ½ ( Q . LÃª ChÃ¢n , TP . Háº£i PhÃ²ng .
train_fnkzdkuxkl|tao con 1 vÃ  giá» khi vá» quÃª cÃ¹ng con gÃ¡i tao má»—i láº§n nÃ³ khÃ³c máº¹ tao láº¡i chá»­i tao
train_qklczbkilf|PhÃ¹ng Hiá»‡p <URL> Láº§y VL . ğŸ™‚
train_qvktzmxkjx|HoÃ ng ThÆ°á»Ÿng uh m tá»Ÿm vl
train_lrgwjxhnrm|Äm . NhÃ¬u khi bá»©t xÃºc vl
train_uvandycmab|ÄÆ¡n giáº£n Ä‘Ã©o thÃ­ch mÃ u mÃ¨ thá»ƒ hiá»‡n vÃ  Ä‘m giáº£ dá»‘i vl
train_xsvttzqfub|Nguyá»…n VÄ©nh Trá»ng quÃª vl :v :v
train_swyqfgyzlb|Äo Nhat Nam Ä‘m ms tháº¥y con ghá»‡tag tÃªn hÆ¡i ngÃ³t Ä‘Ã³ nha kaka
train_bwisitwufp|Thá» vs ae rep comment máº¥y Ä‘á»©a gÃ¡y sá»›m háº¥p dáº«n vl
train_tdrhosjtvg|Äá»¥ . T vá»›i tháº£o mÃ  tháº¥t nghiá»‡p . HÃ nh Ä‘áº§y Ä‘á»“ng cÆ¡ mÃ 
train_gpdxsaeamx|Dm khÃ³ hiá»ƒu vl
train_fjzqunbhwb|CÃ´ng giÃ¡o lÃ  thá»© tÃ´n giÃ¡o ngoáº¡i lai , Ä‘Æ°á»£c ngoáº¡i quá»‘c Ä‘Æ°a vÃ o Ä‘á»ƒ chia ráº½ ngÆ°á»i dÃ¢n Viá»‡t Nam . Nay xuáº¥t hiá»‡n nhá»¯ng linh má»¥c Ä‘á»™i lá»‘t nhÃ¢n quyá»n nhÆ°ng thá»±c cháº¥t lÃ  kÃ­ch Ä‘á»™ng gÃ¢y chia ráº½
train_igbrflkoxa|Máº¥y Ä‘á»©a sÃºc váº­t hay Äƒn thá»‹t Ä‘á»“ng loáº¡i SÆ° Tá»­ <URL> LÃ¢m . Xin má»i ngÆ°á»i Ä‘á»«ng Äƒn thá»‹t chÃ³ ğŸ˜” . # Danongbui
train_wuytoiecrr|Tuáº¥n Chelsea xÃºc pháº¡m Vl t7
train_rfenohxkpg|Tá»« hÃ´m qua Ä‘áº¿n giá» váº«n chÆ°a tiÃªu hÃ³a Ä‘c cÃ¡i cá»¥c cay nÃ y . Cá»©t Ä‘Ã¡i tháº­t KhÃ¡nh Khoa NT Ã­feeling motivated .
train_vwzgrvnptg|NÃªn nhá»› : . â€¢Äá»«ng bao giá» pháº£n bá»™i gia Ä‘Ã¬nh , ngÆ°á»i yÃªu báº¡n . â€¢vÃ¬ cÃ¡i giÃ¡ pháº£i tráº£ luÃ´n luÃ´n vÃ´ cÃ¹ng Ä‘áº¯t . â€¢Ä‘Ã£ lÃ  tháº±ng Ä‘Ã n Ã´ng thÃ¬ hÆ¡n nhau á»Ÿ cÃ¡i báº£n lÄ©nh . â€¢Ä‘á»«ng vÃ¬ vÃ i bÃ  chÃ©n rÆ°á»£u , vÃ i ba cÃ¡i sÄ© diá»‡n mÃ  lÃ m khá»• ngÆ°á»i yÃªu thÆ°Æ¡ng . â€¢ cÆ¡m khÃ´ng Äƒn thÃ¬ Äƒn cá»©t ! ! ! Nhá»› láº¥y Ä‘Ã n Ã´ng áº¡ <URL>
train_dymxvgekvn|dkm manh Ä‘á»™ng vl :)
train_cicyydcdbs|Luu Kane máº¯c á»‰a vcl
train_ceumovqdgm|Bá»Ÿi ta thÃ­ch mÄ‘ nhÃ¢y vl :)
train_ypskefqyjj|lenglet pique 2 Ã´ng ná»™i nÃ y Ä‘Ã¡ chÃ¡n vl
train_rhcxywccsk|TÃ´i báº£o vá»›i há» lÃ  tÃ´i cÃ´ Ä‘Æ¡n . Há» báº£o vá»›i tÃ´i lÃ  . . . Ká»‡máº¹ mÃ y ğŸ˜’ <URL>
train_ajmbsdfvcd|UyÃªn PhÆ°Æ¡ng giáº­n vl :)
train_ofdnyatfnt|VÅ© Thá»‹ Ngá»c PhÆ°Æ¡ng dm mÃ y cÃ³ ny cÃ¡i mÃ y trÃªu tao ngay Ä‘áº¥y ak
train_woyqwzclyt|Äm muá»‘n tag cÃ¡c báº¡n vl
train_fgduxluirm|xem thÃ¬ xem ai tháº¯ng cháº£ dc . áº¥y tháº¿ mÃ  sai tÃ­ xÃ­u Ä‘em ra chá»­i nhÆ° con . liá»‡u mÃ y cÃ³ báº±ng ngÆ°á»i ta mÃ  chá»­i ta ngu ?
train_lokdiqgmkn|mÃ¡ khÃ³c , kinh vl
train_uwpfjwifcx|1 cÃ¢n 4 = pentakill . Äm nÄƒng suáº¥t vl
train_smyeddhsdc|Thoi má»‡t má»i vl :)
train_wirdknditq|Váº¿u cÄƒng vl ğŸ˜ª
train_mcqktmbhzz|Chuáº©n vl Ä‘m - . -
train_iffvlppjjo|Nhiá»u tháº±ng Ä‘iÃªn vl
train_mnnrhrczse|NgoÃ i Ä‘á»i xáº¥u vl
train_rqxazwekbs|Ä‘á»«ng láº¥y tg Ä‘Ã©o nÃ o , láº¥y tao nhÃ¡ =)
train_cbidfhfebg|á»¤a gÃ¬ nháº¡t vl ğŸ˜‘
train_yojgpyxqkp|Náº¿u cÃ³ ngÆ°á»i tá»‘t hÆ¡n sáº½ khÃ´ng nÃ­u kÃ©o Ä‘Ã¢u ğŸ¤— cÃ²n ngÆ°á»i khÃ´ng tá»‘t hÆ¡n thÃ¬ T Ä‘Ã©o buÃ´ng tha cho m Ä‘Ã¢u ğŸ˜‚ ğŸ˜‚ . ğŸ‘‰ ğŸ‘‰ Bá» T Ä‘i lÃ  m thiá»‡t thÃ²i Ä‘áº¥y k ai tá»‘t nhÆ° T Ä‘Ã¢u nhÃ© ! ! ! ğŸ˜‚ ğŸ˜‚ ğŸ˜‚ Trang Tháº£o shared a pÃ³tâ€” feeling happy with Tháº£o Trang . <URL> Báº¡n ThÃ¢n . Nhá»› nÃ³i nhÃ© ! . Oke tao á»•n . . .
train_mvnebfaqws|Má»³ tÃ´m cháº¥t cáº£ Ä‘á»‘ng ntn thÃ¬ sá»£ Ä‘Ã©o j cháº¿t Ä‘Ã³i . . ! <URL>
train_pcctarmenk|Page Æ¡i lÃ  page . Vá»› váº©m vl
train_tfpxrjhwcg|CÃ³ nhiá»u báº¡n tháº­t láº¡ lÃ¹ng , cá»© ngá»“i chÃª bai nghá» ngÆ°á»i khÃ¡c lÃ m . . . rá»“i máº·c Ä‘á»‹nh mÃ¬nh lÃ  dÃ¢n cao cáº¥p ! . Kiáº¿m tiá»n chÃ­nh Ä‘Ã¡ng thÃ¬ lÃ m gÃ¬ pháº£i xáº¥u há»• , nhÃ  báº¡n giÃ u thÃ¬ báº¡n hÆ°á»Ÿng nÃ³ Ä‘i , mÃ  tháº­m chÃ­ nÃ³ cÅ©ng lÃ  cá»§a bá»‘ máº¹ báº¡n lÃ m nÃªn , cÃ³ pháº£i báº¡n lÃ m ra Ä‘Ã¢u ! ! ! MÃ  nÃ³i tháº­t , chÆ°a cháº¯c Ä‘Ã³ lÃ  tÃ i sáº£n lÆ°Æ¡ng thiá»‡n ná»¯a kÃ¬a ! ! ! Tháº¿ báº¡n tá»± hÃ o vá» cÃ¡i gÃ¬ ? ! . Muá»‘n chÃª bai theo kiá»ƒu máº¹ thiÃªn háº¡ thÃ¬ Ã­t nháº¥t báº¡n cÅ©ng Ä‘áº» ra Ä‘Æ°á»£c thiÃªn háº¡ nha ! . Nhiá»u báº¡n hay chÃª mÃ  Ä‘Ã©o bao giá» nhÃ¬n láº¡i mÃ¬nh , haiz , nhÃ¬n cá»© y nhÆ° nhá»¯ng bá»™ pháº­n sinh dá»¥c biáº¿t nÃ³i ! . Em ghÃ©t nháº¥t lÃ  thÃ³i xem thÆ°á»ng ngÆ°á»i khÃ¡c mÃ  Ã©o biáº¿t mÃ¬nh cháº³ng hÆ¡n ai ! ! ! ! <URL>
train_dpolzoxsjd|LÃ m Äƒn lÃ£i vl =)
train_xnpobnyvov|Giá»‘ng mÃ¡u lá»“n vl :)
train_armfpwzvzs|Tháº£o Vy máº¹ , nch ngu vl
train_rlgdidgqmd|Biáº¿n kÃ©m vl :)
train_lvyesbkznb|Thá»§y ÄÃ m Ä‘Ã¢y lÃ  tháº±ng hÆ°ng Ä‘ nÃ o áº¥y , ngu vc
train_ucmjeoxfeh|Dkm gr nÃ y láº¯m tráº©u vl
train_mpmnkguznw|Nhá»› khÃºc nay mai thi rá»“i tá»‘i váº«n xÃ¡ch Ä‘Ã­t di choi kkk
train_unlirdwfun|Chien Phan dkm may thu dat vi vao que ngoc hai di
train_nmbywfohzn|Chuc Ngo Ä‘jtme sao m giÃ´ng t vl
train_eusetpdrod|YÃªu cc , máº¥t niÃªn tin vl
train_xtbmrkxywn|Kim NgÃ¢n dcmm nghiá»‡n vl
train_whplztjitw|ÄoÃ n Huá»³nh Khoa <URL> Satan . ÄÃ©o biáº¿t táº¡i sao cÆ°á»i vl =)
train_dvdnqyfehc|Chá»‹ch chá»‹ch Äƒn Äƒn vl kkkkkk
train_khorgjvpio|Lag vcl :)
train_elfokeejwf|:( phÅ© vcl
train_riypkxmcev|Dá»—i vl ğŸ˜‘ ğŸ˜‘
train_ondrwlxpdz|Sáº¯p thi c3 :( ng Ä‘Ã³ cÃ³ fuck mik like vÄƒn and lÃ­ :(
train_bpphvkpokw|LÃºc Ä‘ell nÃ o cÅ©ng ib trÆ°á»›c chÃ¡n vl
train_yyzpgwmitq|Äm t Ã­t vl
train_antyagscex|Louis ' s HoÃ ng mÃ¡ dortmunt cay vl
train_ddebyebuzf|Vcl tháº·c :)
train_gbjpcifctp|BÃ­ch Ngá»c dm kinh dá»‹ vl
train_wyhzygqutz|má»‡t máº¥y th ngu mÃ  tá» ra nguy hiá»ƒm vl :)
train_uzaumsigkf|Äá»‹t máº¹ cÃ¡i thá»© Ä‘ang cháº¡y mÃ  nÃ© vÅ©ng nc hoáº·c cÃ¡i gÃ¬ Ä‘Ã³ ko Ä‘Ã¡ng lÃ  tui Ä‘á»©ng tim máº¥y láº§n vá»›i máº¥y cha máº¥y máº¹ xe mÃ¡y . cá»© sá»£ dÆ¡ xe mÃ  lÃ m khá»• ngÆ°á»i khÃ¡c . . . . chia buá»“n cÃ¹ng bÃ¡c tx vÃ¬ gáº·p tháº±ng cá»‘t chÃ³
train_ywuauqnzsn|Máº·t kinh vl :v
train_upcbfuzwlw|TÆ° báº£n phÆ°Æ¡ng TÃ¢y kháº¯t khe vá»›i dÃ¢n . ná»•i tiáº¿ng khÃ´ng tha . . . ğŸ‡» ğŸ‡³ ğŸ‡» ğŸ‡³ . tau vÃ¬ thÆ°Æ¡ng dÃ¢n . . Ä‘Ã©o pháº¡t
train_pvzcfvazyo|Giá»‘ng t :( Ä‘m sad vl
train_ekmgzgotqv|Nguyá»…n Äá»©c Chung d m cÃºt cÃºt
train_chjehvhhng|Äcm cÃ¡u vl haha
train_xrycipqgqu|Náº¿u cs nÃ y vs báº¡n quÃ¡ nháº¡t nháº»o . ÄÃ©o s cá»© thá»­ má»™t láº§n sá»‘ng lÃ  chÃ­nh mÃ¬nh Ä‘i . VÃ­ dá»¥ nhÆ° . I , m a siu nhÃ¢n xanh lÃ¡ - ) ) <URL>
train_mxkokvonnr|Nhii Nhii Ä‘cm nhÃ¢y vcl :)
train_qkvqgtundt|dÃ­cá»¥ quáº£ thÃ­nh máº·n vl
train_qlnedlogdb|LÃª Tuyáº¿t Nhi dm sá»£ vl
train_uuhhaynmrm|Gá»i chá»‹ xÆ°ng anh ngu vl
train_rmqagszxet|Vcl thÃ¡ch thá»©c =) clm cÆ°á»i vl
train_brzwghzina|mÃ¡ chá»‹ch cÃ¡i 200tr vl
train_dhugbjswmz|cáº£m giÃ¡c thá»‘i vl - _ -
train_zxvyxbebvm|Äm nÃ³ hÃ¢m vl ná»“i
train_jqynjqzboe|Cc , Ä‘m bá»‘ m hay mÆ¡ nyc vl
train_nsqthsywan|Ähs chÃºng m tháº¥y hay chá»© t tháº¥y hay vl
train_pgmcclxvai|táº¥u hÃ i quÃ¡ Ä‘Ã  vl
train_tvfnkyynit|tháº¿ thÃ´i dáº¹p má»e Ä‘i =) chÃ¡n vl =)
train_oemahicdun|ThÃ¹y Linh thá»‘i vl
train_rtncxqczzc|Tháº¿ thÃ¬ Ä‘Ã£ Ä‘Ã©o cÃ³ ai tan nÃ¡t . Tháº¥y vÃ´ lÃ­ vlll
train_fdlcrfdrqi|Äm máº¡nh máº½ vl :)
train_dcuafzylqm|Ä‘m ğŸ™‚ game dá»… vl
train_ryxgzzsnaj|vcl :)
train_gwrgwvlmtc|Äm . Bá»©c xÃºc vl .
train_kbcnynsptd|Tháº¿ má»›i táº¡o ra Ä‘iá»ƒm nháº¥n . CÃ²n bÃ¬nh thÆ°á»ng mÃ  Ä‘i giáº§y tÃ¢y ta thÃ¬ Ä‘Ã£ kg cÃ³ chuyá»‡n Ä‘á»ƒ nÃ³i . CÃ²n mÃ¬nh Ä‘i dÃ©p tá»• ong thÃ¬ Ä‘m chá»­i cho Ä‘Ã£ xáº¥u láº¡i cÃ²n nghÃ¨o .
train_llfrullbpe|NgÃ´ Thá»‹ Thanh Tháº£o cá»¥c sÃºc vl :v
train_gqmefknpud|NhÃ¬n máº¯c á»‰a vl :)
train_rglczirspq|Dell cÃ³ cr Ä‘á»ƒ mÃ  áº¥n tÆ°á»£ng :)
train_qvjqifmckv|ÄÃ n bÃ  mÃ  Ä‘Ã£ k Ä‘áº¹p máº·t cÃ²n hÃ£m l tháº¿ ra Ä‘á»i chá»‰ lÃ m khá»• báº£n thÃ¢n voi khá»• bá»n Ä‘Ã n Ã´ng thÃ´i
train_lxhcnvbxhx|Äm nhanh gá»n vl :v
train_yfajgdywlc|Cháº·t cu ez vl
train_iyiknkiztn|Nguyá»…n Háº£i Nam táº£ thÃ¬ nh tá»« vl :)
train_hthikkhtfp|OcschÃ³ . . . : V
train_cuennjyvmh|vl láº¡i tiáº¿p :)
train_ajhkkljucl|Jung Ngá»c nháº¡t vl :)
train_ddmrqbbywr|Vcl nhÃ¢y =)
train_xgdrkbcfrc|Ngáº¡i vcl =)
train_nqsbidtoym|LÃªYn nay cá»¥ cÅ©ng bá»‹ bá»±c vl
train_ynglednpea|Pháº¡m Quang Anh lag vl :v
train_lcdxhwyvxf|HÃ  Monn ğŸ™‚ Ã´i sá»£ vl . . . .
train_gwefizaqkb|Ä‘m quáº£ cmt cá»§a Ã´ng kia hÃ i vl :)
train_dvfhhqzqed|Ngá»©a Ä‘Ã©t vl :)
train_hjuojlutuk|Nguyen Minh Thai láº¯m chuyá»‡n vl
train_uuhsdjrxfm|PhÆ°á»›c HÆ°ng Ä‘m sá»‘ hÆ°á»Ÿng vl
train_zcjyubhqdd|KhÃ´ng Ä‘áº¹p trai khÃ´ng cÃ³ tiá»n lÃ m Ä‘Ã©o gÃ¬ cÃ³ yÃªu thÆ°Æ¡ng <URL>
train_yhtcmopnil|Thá»‘n v lin :)
train_hmaoaoclvm|ÄÃ³i vcl :)
train_rpypnwkoiq|Nguyá»…n NguyÃªn k cÃ³ ny cay cÃº Ã  . ğŸ˜‚ ğŸ˜‚ ğŸ˜‚ tá»™i vl
train_qnssbvcwhm|Yeu r thi quat luÃ´n chu bá» j , gt di
train_tlyyfwkiir|Ngá»c Huyá»n Ä‘ bh tháº¥y mang Ä‘áº·c sáº£n lÃªn
train_dygccznwjn|Tá»™i anh vl ğŸ˜“
train_ujdfdojycu|Äáº§u mÃ¹a nhuá»™m Ä‘á» trá»i Ã¢u . Cuá»‘i mÃ¹a Äƒn c * t á»Ÿ hang sÃ¢u ngÃµ cÃ¹ng
train_myyjgefgak|Ly BÃ­u Äm chuáº©n vl :)
train_usctsvikpl|LÃ½ Máº¡nh <URL> Máº·n . . ThÃ¨m chá»‹ch vl =)
train_dcerptcfqy|t nÃ³i láº§n nÃ y lÃ  láº§n cuá»‘i nhÃ¡ . T bÃ¡n rÃªu chá»© T Ä‘ell bÃ¡n Sim . nhÃ  T Ä‘áº§y RÃªu chá»© Sim T chá»‰ cÃ³ 1 cÃ¡i Ä‘á»ƒ lÃ m Äƒn . Ai mua RÃªu cá»© liÃªn há»‡e nhÃ¡ . ÄT : 0338 . 68XXX Hiá»‡p 8 tá»§i <URL>
train_vedfwjhtvo|Thá»§y Tráº§n sá»£ vcl :)
train_zwfgwjowhc|Chá»‰ mn vay tiá»n thoii m ngáº¯t vl .
train_poawbratjv|ChÃ¡u Ä‘Ã©o thÃ­ch Ä‘iá»u hoÃ  ğŸ™‚ khÃ´ vl
train_uwsxofccpa|CÃ³ 2 loáº¡i Ä‘Ã n Ã´ng ko nÃªn tha thá»© . . 1 lÃ  ngoáº¡i tÃ¬nh . 2 Ä‘Ã¡nh vk . CÃ³ láº§n nÃ y thÃ¬ cÅ©ng sáº½ cÃ³ láº§n khÃ¡c . . . lÃ m ra lá»—i rá»“i nÄƒn nÄ© vang xin sá»‘ng cháº¿t Ä‘á»§ kiá»ƒu . . . khi cho cÆ¡ há»™i thá» non háº¹n biá»ƒn rá»“i cÅ©ng tÃ¡i diá»…n láº¡i . . . . Giang sÆ¡n dá»ƒ Ä‘á»•i báº£n tÃ­nh khÃ³ dá»i . . . . phá»¥ ná»¯ dÃ¹ cÃ³ Ä‘au khá»• nhÆ° tháº¿ nÃ o cá»§ng fai máº¡nh máº½ lÃªn cá»‘ gÃ¡n Ä‘á»™c láº­p tÃ i chÃ­nh cá»§a mÃ¬nh fáº£i cÃ³ Ã½ chÃ­ kiÃªn Ä‘á»‹nh nÃ³i Ä‘c lÃ m Ä‘c . . MÃ¬nh cÅ©ng k may máº¯n gi gáº·p tháº±ng ck Ä‘Ã¡nh vk tha thá»© láº§n nÃ y lÃ  1001 . . Bio thÃ¬ Ä‘á»«ng cÃ³ mÆ¡ nhÃ© cÅ©ng nhÃ¢n dá»‹p nÃ y cÆ¡ há»™i cá»§a mÃ¬nh cáº£ 1 tÆ°Æ¡ng lai cá»§a mÃ¬nh ! . Sá»‘ng theo ido Nguyá»…n hÆ°Æ¡ng trang . KhÃ´ng cÃ³ tiá»n má»›i cháº¿t . KhÃ´ng cÃ³ Ä‘Ã n Ã´ng Ä‘Ã©o cháº¿t . . .
train_bcvjudliyn|Äá»‘t cmn nhÃ  nghá»‰ luÃ¢n , dá»‘t vl
train_ikxmkfkcoq|Tiáº¿c nÃ³ cÃ³ phÃºc cÃ³ Ä‘á»©a báº¡n thÃ¢n tá»‘t nhÆ° mÃ¬nh :v nhÆ°ng nÃ³ chÃª mÃ¬nh cháº³ng khÃ¡c gÃ¬ con chÃ³ :)
train_xabakyvdwp|Tin Ä‘áº§y ra khÃ´ng chá»‹u tÃ¬m hiá»ƒu láº¡i Ä‘i Äƒn váº¡ cáº£nh sÃ¡t ğŸ’… nÃ³i ra Ä‘á»ƒ ngÆ°á»i ta biáº¿t mÃ¬nh ngu Ã  ?
train_xwwkqeiyvl|Ai tin tá»‘i nay liváº»váº£ sml barca 4 bÃ n khÃ´ng . RiÃªng tao thÃ¬ tao Ä‘Ã©o tin
train_nqqfmxrume|Chá»£t nháº­n ra fb ra tÃ­nh nang nÃ y cÅ©ng chá»‰ Ä‘á»ƒ troll nhá»¯ng tháº±ng ko cÃ³ ai crush mÃ  cÅ©ng Ä‘Ã©o crush ai nhÆ° m .
train_wasdfnlrll|Tháº¥t báº¡i vl :)
train_vclnvlmuim|Muá»‘n Ä‘i coi vl
train_qvcblfprbq|Ly Láº·ng <URL> Xamf . . Ãm áº£nh vl
train_fhvevjigud|Fan ngÃ¡o vl :)
train_vrzddrmizu|CÃ³ ná»¥ cÆ°á»i toáº£ sÃ¡ng vÄ‘ :) táº¡i sao bá»‘ Ä‘â€™ cÃ³ mÃ  nÃ³ cÃ³ vÃ´ lÃ­
train_afilyjwnre|vÃ´ dá»¥ng vl :v
train_dhhdqwznot|Thanh Cong Tráº§n Ä‘m Ã¡m áº£nh vl :)
train_yhcjlcpxsp|Nháº£m vl :)
train_lvwdhsxciz|Con Ä‘iÃªn giá»¯a trÆ°a náº¯ng ğŸ¤£ ğŸ¤£ ğŸ˜‚ ThÆ° ThÆ° added 30 new photos . <URL> PhotÃ³from ThÆ° ThÆ° ' s post
train_dkxzukkmba|ÄÃ©o bao h thÃ nh thá»±c :)
train_skwmlhkcnc|Dá»‹ vl - . -
train_tuniondypd|Ana ÄoÃ n Ä‘m . Cay vl
train_ecarkvsems|: < Ä‘m má»‡t má»i vl
train_kkdbpwqcwr|1 con vá»‹t xoÃ¨ ra 2 cÃ¡i cÃ¡nh nÃ³ kÃªu ráº±ng Ä‘Ã©o Ä‘Ã©o Ä‘Ã©o :)
train_cgdxypqoqr|Äcm háº¿t thÃ¡ng cÅ© sang thÃ¡ng má»›i váº«n cÃ²n Ä‘en vl
train_hvbkolhppd|Khá»• cho tháº±ng ck vl
train_fcttmnqlhe|Má»™t Ä‘á»‘ng Ä‘Ã n Ã´ng mÃ  Ã©o dÃ¡m lÃ m gÃ¬ . Äá»©ng ngÃ³ ngÃ³ . . . . MÃ  thÃ´i ká»‡ , pháº£i nhÃ  mÃ¬nh Ã©o Ä‘Ã¢u !
train_symnejuloo|Vkl =)
train_irahpybous|Nguyá»…n ThÃ¡i BÃ¬nh Ä‘cm cmt nhiÃªu vl
train_dhlqkimyvi|Äá»¥ng con bÃ  háº£ , Ä‘Ã¡nh cÃ¡i máº¥t hÃ¬nh tÆ°á»£ng máº¹ ma
train_cufjpsopvo|cá»¥c xÃºc vl =)
train_otzthciedf|SÃ¡ng ra Ä‘Ã£ Ä‘iÃªn mÃ¡u . Chá»‰ thÃ­ch lÃ m theo Ã½ mÃ¬nh . NgÆ°á»i # sao máº·c ká»‡ . NhÆ° lol
train_dhrgaatjzs|Äm thu nháº­p ng Vn lÃ  bn mÃ  dÃ¡m so sÃ¡nh kháº­p khiá»…ng váº­y . ToÃ n nghÄ© ra máº¥y cÃ¡i vá»› váº©n lÃ m khá»• dÃ¢n
train_vypkblwybm|An NhiÃªn dg buá»“n á»‰a cháº¡y váº¥p vÃ o á»• gÃ  cÃ¡i lÃ  táº¯c á»‰a ğŸ˜Œ . Ãm áº£nh tuá»•i thÆ¡ vl
train_fqkymzvmrt|Äm hai Ã´ng blv la buá»“n cÆ°á»i vl
train_wfagknvuaj|Náº¯ng Ä‘Ã£ cÃ³ mÅ© , mÆ°a Ä‘Ã£ cÃ³ Ã´ , báº¡n thÃ¢n cÃ³ bá»“ . . . CÃ²n mÃ¬nh Ä‘Ã©o cÃ³ ai . . . <URL>
train_srtjokmegw|Dá»… thÆ°Æ¡ng vÃ£i ğŸ˜‚ ğŸ˜‚ TrÃ­DÆ°Æ¡ng <URL> Huynh . KIáº¾P TRá»˜M CHÃ“ . LÃ m nhÃ¡y cÃ´ng khÃ´ng Ä‘Æ°á»£c bao nhiÃªu nÃªn anh em rá»§ nhau Ä‘i trá»™m chÃ³ :( . NhÆ°ng Ä‘en quÃ¡ . : " " KhÃ´ng sá»£ káº» Ä‘á»‹ch máº¡nh chá»‰ sá»£ Ä‘á»“ng Ä‘á»™i ngu nhÆ° bÃ² . " " . - - - - - - - - - - - - - - - - - - - - - - - - - - - - - - - - - - - - - - - - - - - - - - - - - - - - - - - - - - - - - - - . Ã tÆ°á»Ÿng : Äáº¡t ThÃ nh . Mod : ThÃ nh Äáº¡t - Háº£i Anh : Trá»™m ChÃ³ . Nguyá»…n XuÃ¢n Trung : Anh chá»§ nhÃ  áº¾ vá»£ . ChÃ³ con : ChÃ³ . Foto : HÆ°ng Káº¡t - Huynh Anh
train_ylvawiqabe|ÄÃ¢u anh ná»©ng vl
train_iwrkpxvybp|Há» nÃ³i thÃ¬ hay . nhÆ°ng nghÄ© kÄ© xem mÃ¬nh cÃ³ hay nhÆ° mÃ¬nh nÃ³i hay ko Ä‘Ã£ . chá»© lá»i nÃ³i ra rá»“i thÃ¬ cháº³ng bao giá» láº¥y láº¡i . há» tÆ°á»Ÿng há» lÃ  vua . cÃ²n ng ta lÃ  nÃ´ lá»‡pháº£i lÃ m nÃ y lÃ m kia . muá»‘n nÃ y dc cÃ¡i Ä‘Ã³ cháº¯c . ko cáº§n thÃ¬ Ä‘Ã¢y cÅ©ng cháº³ng cÃ¢n . cá»© tÃ­ la nÃ´i ra nÃ³i uk vÃ¢ng há» cÃ³ tiá»n há» muá»‘n nÃ³i gÃ¬ thÃ¬ nÃ³i . mÃ¬nh ko cÃ³ tiá»n thÃ¬ vÃ o chá»— ng cÃ³ tiá»n thÃ¬ cá»© nhá»¥c mÃ  nghe há» chá»§i . Ä‘Ãºng lÃ  ngu <URL>
train_nukgxfgqra|NgÃ´ Thá»‹ Thanh Huyá»n lá»›p 1 ? ? ? Lá»›p 1 nÃ³ Ä‘á»ƒ Ã½ lÃ m s dk gÃ³c lá»‡ch 1 tÃ­ hay ko bá»n kia ns ngu
train_uurgmlzjve|Theo tao thÃ¬ lÃ  gÃ¡i Ä‘Ä© giÃ  má»“m Ä‘áº¥y !
train_gdvehfeiwx|Sá»‘ng trÃªn Ä‘á»i , Ä‘á»«ng cÃ³ quÃ¡ tá»± cao tá»± Ä‘áº¡i , vÃ¬ cuá»™c sá»‘ng nÃ y Ä‘Ã©o cÃ³ ai ngáº¡i ai Ä‘Ã¢u . . báº¡n Æ¡i <URL>
train_oifsgsqaer|ChiÃªu 1 xáº¥u vl
train_pfnptnuxcl|Kim Hoang Minh Nguyet <URL> NgÃ y Má»›i Báº¯t Äáº§u . Xem mÃ  xÃºc Ä‘á»™ng quÃ¡ . . Bá»‘ nÃ³i " " Mi lá»«a tau Ã  . . . " " . . Máº¹ nÃ³i " " Láº¡i Ä‘Ã¢y máº¹ Ã´m kÃ©y má»“ â¤ " " . . Ad Ä‘i tÃ¹ 3 nÄƒm trá»Ÿ vá» , cÅ©ng vá» báº¥t ngá» khÃ´ng bÃ¡o trÆ°á»›c mÃ  khÃ´ng Ä‘Æ°á»£c cáº£m Ä‘á»™ng nhÆ° váº­y . Tá»§i thÃ¢n vÃ£i ! . . Link Youtobe <URL>
train_vauhfhnezd|Sá»­a cÃ¡i lol . Ä‘m cÃ³ tráº£ tiá»n láº¡i khÃ´ng . T má»›i Ä‘Ã³ng há»“i trÆ°a á»©a vl
train_nkqnrojuge|Nghe ngá»©a dÃ¡i vl
train_tkziizgrqr|Dcm thá» ghÃ©t vl :)
train_qwrtlanabj|CÃ³ nÃ³i lÃ  tráº£ tiá»n Ä‘Ã ng hoÃ ng rá»“i , Ã½ lÃ  náº¿u chÆ°a tráº£ thÃ¬ cÃ²n cho sá» , vÃ£i , chÆ°á»Ÿi ngu nhÆ° bÃ² .
train_mkxssztwpp|KhÃ´ng nÃ³i khÃ´ng ai biáº¿t mÃ¬nh ngu , nÃ³i ra nhiá»u ngÆ°á»i biáº¿t mÃ¬nh ngu .
train_uvywkolezr|Äá»©ng dá»‘c Ä‘Ã¡i vÃ o nhÃ  mÃ u 8 Ä‘á»£i Ä‘áº§u mÃ¡u vs Ä‘á»“ng Ä‘á»™i tÃ´ mÃ u tiáº¿p
train_sobfpvynoi|Äm nhÃ¬n tá»Ÿm vl
train_cdkbwflzrw|Nháº¯n tin mÃ  Ã©o dc tl lol
train_flrgteuazo|ThÄƒng cho nay phat biÃªu ngu vl
train_mtwgungnwm|T lÄƒng nhÄƒng vl Ä‘Ã©o giá»‘ng C
train_ysuiwdvysv|Há»c Ä‘ máº¹ . KhÃ³ vl .
train_tnmzeoihog|Pháº¡m Tháº£o Thu Nanie NgÃ¢n Ä‘m hÃ i vl
train_mhmlkwacln|dm . kÃ©m sang vl
train_xxuupcgpoi|LÃ m giÃ¡ chá»© . ib trÆ°á»›c nÃ³ Ä‘Ã©o rep ngáº¡i vl
train_arxbwdpfbl|Kiá»ƒu nÃ y pháº£i Ä‘áº­p cháº¿t chÃ³ vÃ  Ä‘áº¥m vá»¡ má»“m tháº±ng nuÃ´i chÃ³
train_wrrujvorhl|Äm , Ã¡m áº£nh vl ğŸ˜¬
train_dvjnmbuxil|vl báº¡n , cÃ¡u vl rá»“i :)
train_gmphaelwmt|mÃ u gay vl . . .
train_paajcdjbfo|Äá»‡t Li La <URL> Kháº¯m vl . ğŸ˜–
train_dquhzqjcor|Ã”ng mÃ y Ä‘iÃªn mÃ y láº¯m rá»“i . Nháº¡t Nháº¡t shared a post . <URL> DÃ´ . MÃ y Ä‘Ã¹a tao háº£ =) . . # DooTheBarber . # 138TrungLiá»‡t . # TÃ³cnamÄ‘áº¹p
train_bxmzfdreof|con nÃ y xáº¥u trai vl
train_fihucfcztd|Vl vl ngáº§u Ä‘Ã©o chá»‹u
train_vhqpfgvpgo|Thu Trang con chÃ³ con chÃ³ con chÃ³ !
train_xphnfjdkfx|NgÃ¡o vl buffon tháº» Ä‘á» mÃ 
train_ywhljrdeke|Dm giá»‘ng trÃ¢m anh vcc . GÃ³c nghiÃªng tháº§n cmn thÃ¡nh
train_sprsioevxy|Máº¹ tui chá»¥p dá»¯ Ã  , náº±m kÃ© lÃªn Ã¡o xÃ­u Ä‘á»«ng chá»­i tui :( <URL>
train_iztneicmei|Ngá»“i trong lá»›p rá»ii vÃ Ã´l * * cÃ´ giÃ¡o :)
train_fgikdddszo|Ngáº¡i vcl :)
train_vlohwwbmgm|Chuá»™t nhÃ© tao ghÃ©t mÃ y cáº¯t cÃ¡i tai gáº§n 500k cá»§a tao ğŸ˜­ ghÃ©t mÃ y <URL>
train_fbxrufruut|Ms 17t thÃ¬ lo cÃ¡i Ã©o j háº£ e ğŸ˜’
train_dtgydqbegz|Pii MÃ£Äá»‡t cá»¥ nhÃ¬n giá»‘nq con chÃ³ vl
train_lieisfluby|Chiatay nÃ³i chiatay trá»© xin lá»—i v tháº¥y Ä‘áº¡o Ä‘á»©c giáº£ quá»› á»
train_kgbedpuecj|Ha Phat iPhone , Vertu , tiá»n lÃ m máº¥y cá»c trong tÃºi , xe con xá»‹n , ra ngoÃ i uá»‘ng bia Äƒn thá»‹t chuyá»‡n bt , nhiá»u tháº§y chÆ¡i trá»™i hÆ¡n thá»­ mÃ¹i Ä‘Ã n bÃ  ntn
train_cimtyaioci|ThÃ¬ ny mua nÆ°á»›c vá»›i bá»ng ngÃ´ cÃ³ máº¹ j Ä‘Ã¢u . Mai má»‘t náº¿u mÃ y láº¥y Ä‘c nÃ³ thÃ¬ cáº£ gia tÃ i nhÃ  nÃ³ m giá»¯ thÃ¢y . Bá» con tÃ©p báº¯t con cÃ¡ máº­p chá»© . Ngu loz . . . . .
train_kivkeidqim|Link thÃ¬ eo Ä‘Æ°a cá»© xÃ m vl ğŸ˜’
train_mbzlwlgfpo|Äm hÃ i vl ğŸ˜…
train_xxbupsxkry|Nguyá»…n VÄƒn Linh dmm lÃ¡o vl
train_ojumnohmjf|Huá»³nh VÄ©nh CÆ°Æ¡ng <URL> Háº­u . Tao vÃ£i cÃ¡i hiá»‡n tráº¡ng nÃ y quÃ¡ . . Tá»« giá» : ğŸ‘‡ ğŸ‘‡ . - Tháº±ng nÃ o xÃ m tao bá» lá»‘c , tháº±ng nÃ o xÃ m lÃ  tao block
train_fhgykbvvft|Nghiá»‡t sÃºc vl :)
train_edmxolsgjq|KhÃ´ng káº¿t hÃ´n cÃ²n hp hÆ¡n . lÃºc yÃªu há»©a thá» nhÆ° Ä‘Ãºng rá»“i nhÆ° cÃ³ Ä‘c rá»“i thÃ¬ táº¥t cáº£ chá»‰ lÃ  xÃ m L thÃ´i Ã©o tin dc lÅ© Ä‘Ã n Ã´ng
train_zifxvnutxf|SÆ¡n ÄoÃ n lÆ°á»i vcl
train_nuxiirhjup|Ä‘m sá»£ vl :)
train_xvzunjjdsc|Vá»£ bá» vá»£ chÃª vá»£ váº«n vá» :) . NgÆ°á»i há»©a ngÆ°á»i thá» NgÆ°á»i ÄÃ©o vá» : Ä CÃ² ' s Æ i ' ii Ã­with TrÃ­ Nguyá»…n .
train_emwgyipgkt|Äá»«ng trÃ¡ch ngÆ°á»i ta Ã¡c mÃ  hÃ£y trÃ¡ch mÃ¬nh ngu . GÃ¢u , gÃ¢u ! . . . .
train_myfoonseva|Lá»‡Nguyá»…n Tuáº¥n Ä‘á»¥ mÃ¡ . Idol ráº£nh vl
train_weauusjtmd|Alexandre Christie bá»n chÆ¡i game ny máº·t Ä‘á»©a mÃ´ cÅ©ng ngu ngu rá»©a a hÃ¨ ? ğŸ¥´
train_mqvoewujrg|vcl that kaka hoic hoi
train_zcecfvgofv|CÃ³ cl áº¥y tin ngÆ°á»i vl
train_gnupykcguq|Thao Tran ğŸ™‚ Ä‘m vl
train_qjuyozkgvb|Tháº¿ mÃ  tao báº£o tháº¿ máº¥y page lia cá»© cÃ£i láº¡i t . Oc vl
train_pczrxpqrts|Ä‘m cáº£ 2 Ä‘á»©a tag má»›i sá»£ vl
train_jhixdjmrzy|Cc :) Ã¡m áº£nh vcl
train_ucczjjaghp|Ngá»c Hoa hung nhÆ° chÃ³ máº¡ chá»› Ä‘Ã³ mÃ  kh hung
train_peiktdpoca|Vy BÃ¹i boi Vy em ngu ngu ngu ngu thÃ´i mÃ  :)
train_qahfgujndv|Äm nÃ³ Ä‘Ãºng lÃ  vl
train_clmulmmtrp|Äizzz máº¹ lÃ m bá»‘ m bá»… vl - . -
train_wqhwdeyjqd|Tháº¿ khÃ´ng tha thÃ¬ láº¡i báº£o xáº¥u nhÆ° chÃ³
train_totfsanobk|- Nhulonn :v
train_iropozspvq|NgÃ y cáº£ khi má»i vá» cáº£ vÅ© trá»¥ Marvel gá»“m : NgÆ°á»i sáº¯t , NgÆ°á»i nhá»‡n NgÆ°á»i kiáº¿n . . . vá» Mojo thÃ¬ tÃ´i váº«n Ä‘Ã©o tÃ¬m tháº¥y â€œ NgÆ°á»i yÃªu â€ . Äm Ä‘á»i :) <URL>
train_ercvjhhedx|=) cÃ¡u vl dcm
train_spqgvkykxr|nhÃ¬n con ma nunwgs vl
train_dipaqdqkog|Vann Anhh clm :v
train_lekzyxumlx|Tommy ChÃ¢u va Hien ngang nhu mot con di nua chu . .
train_ilodaijmec|cá»‘ gáº¯ng lÃªn , thua bill gatÃ©thÃ´i chá»© Ä‘á»«ng thua ai cáº£ . ps : thÃ´i tao nÃ³i má»™ng du Ä‘áº¥y dm Ä‘á»«ng cÃ³ chá»­i tao
train_ukehhlegvc|Con giÃ¡p thá»© 13 ğŸ˜¢ ğŸ˜¢ ğŸ˜¢ ğŸ˜¢ ğŸ˜¢ ğŸ˜¢ ğŸ˜¢ ğŸ˜¢ ğŸ˜¢ ğŸ˜¢ ğŸ˜¥ ğŸ˜¥ ğŸ˜¢ ğŸ˜¢ ğŸ˜¢ ğŸ˜¥ ğŸ˜¥ ğŸ˜¥ ğŸ˜¥ ğŸ˜¥ ğŸ˜¥ ğŸ˜¥ ğŸ˜¥ ğŸ˜¥ ğŸ˜¥ ğŸ˜¥ ğŸ˜¥ ğŸ˜¥ ğŸ˜¥ ğŸ˜¥ ğŸ˜¥ ğŸ˜¥ ğŸ˜¢ ğŸ˜¢ ğŸ˜¢ ğŸ˜¢ ğŸ˜¢ ğŸ˜¢ ğŸ˜¢ ğŸ˜¢ ğŸ˜¢ ğŸ˜¢ ğŸ˜¥ ğŸ˜¥ ğŸ˜¥ ğŸ˜¥ ğŸ˜¥ ğŸ˜¥ ğŸ˜¥ ğŸ˜¥ ğŸ˜¥ ğŸ˜¥ ğŸ˜¥ ğŸ˜¥ ğŸ˜¥ ğŸ˜¥ ğŸ˜¥ ğŸ˜¥ ğŸ˜¥ ğŸ˜¥ ğŸ˜¥ ğŸ˜¥ ğŸ˜¥ ğŸ˜¥ ğŸ˜¥ Triá»‡u Thá»‹ LiÃªn Ã­feeling useless .
train_tmwcpuchfa|Tráº§n Huy Luáº­n :) Ä‘m má»‡t vl
train_mlgedozuyk|NhÃ  ngáº­p cmnr . Buá»“n vl .
train_ajmbbxvrcf|HÃ£m vcl :)
train_ajtnmzlxxy|Matcha phá»§ kem tuyáº¿t Ä‘m uá»‘ng phÃª vl
train_hutskjsstu|Chá»‹ Phanh Ä‘m bÃ©o vl
train_xbciedlfzt|Ãnh trÄƒng lá»«a dá»‘i vl =)
train_cmceolfaak|CÃ¡i cáº£m giÃ¡c . nt mÃ  n Ä‘elll thÃ¨m tloi nhá»¥c vl
train_pcseuopzco|Äm láº¡i há»£p lÃ½ vl
train_xsbeuthzsv|Cháº¿ Ä‘á»™ tÃ n Ã¡c ! . DÃ¢n ngu , hÃ¨n , thÃ¬ cháº¿t !
train_nlrfnblohp|UyÃªn HoÃ ng v hoi xoÃ¡ :) Ä‘m hung dá»¯ vl :)
train_vcvyjcdvng|thÃªnh thang má»›i Ä‘Ãºng , ngu vl
train_hfojmquxhp|CÃ¡i Ä‘m hahha thÃ¢m vl
train_igfdpuehah|Ã” lÃ  Ä‘á»ƒ lÃ m ji ? . LÃ  che cho quan Äƒn cÆ°á»›p , chá»‹ch dáº¡o chá»› má»nh cháº£ Ä‘c ji ! . Máº¥t nhÃ  , máº¥t xe cá»™ chá»‰ vÃ¬ cÃ¡i gá»i lÃ  Ã´ lol ! <URL>
train_huxqipkyft|Huyá»n Anh bÃ n Ä‘Ã©o cÃ³ gÃ¬ ghÃ©t vl
train_kobrmngjrm|Ã“c con váº­t . Ngay cáº£ á»Ÿ Vn rau muá»‘ng mÃ¹a hÃ¨ ráº» nhÆ° cho mÃ¹a láº¡nh Ä‘áº¯t vl
train_eiqxiegqto|Nguyá»…n HoÃ i ThÆ°Æ¡ng sao láº¡i nhÃ¬n ngu ntn nhá»‰
train_hgylrahsgf|vcl teddy fakáº» :v khan ddÃ¢u ?
train_ejzfntjloy|Nguyá»…n ThÃ¹y Dung Ã´i Ä‘me giá»‘ng iem vl =)
train_adxybtmhat|Nguyá»…n KhÃ¡nh Linh Ä‘Ã©o lÃ m ná»¯a . ğŸ™‚ dá»—i vl
train_jiiqivuonj|Äá»¥ mÃ¡ :v
train_kgxycbxudb|KhÃ´ng sá»£ káº» Ä‘á»‹ch . . . Chá»‰ sá»£ Ä‘á»“ng Ä‘á»™i . . . Em thá» lÃ  em Ä‘Ã£ má»Ÿ mic chá»­i thá» vá»›i lÅ© ngu hÆ¡n em , em Ä‘Ã£ ngu nÃ³ cÃ²n ngu hÆ¡n em ná»¯a . Äm ngu chá»«a tao ná»¯a chá»© .
train_ymrdwctsku|Thá»­ há»i trÃªn Ä‘á»i nÃ y cÃ³ máº¥y loáº¡i Ä‘Ã n Ã´ng ngu ?
train_mqawmltcaw|Äm =) Nguyá»…n Quá»³nh Anh <URL> G - Dragon Vietnam Fanpage . NÃ³ láº¡i há»£p lÃ­ ná»¯a rá»“i =) . . Idea : PhÃºc LÃª . Credit : G - Dragon Vietnam Fanpage . # XN
train_iiddlcsznv|Ä‘á»¥ma tá»± nhiÃªn Ä‘Æ°á»£c fan cá»©ng . hÃ i vl
train_meyegwcbes|Ä‘m true vl :) \
train_mrtxveocqk|XÄƒm pÃ­m :v
train_mxztaqtrsf|dm tá»• lÃ¡i vl :v
train_hlgjcfynem|Quáº£n TÃ¹ng LÃ¢m Ä‘cm cÃ´ng viá»‡c tá»‘t vl =)
train_etakbhtozi|ThÃ´i ! Cá»‘ gáº¯ng lÃ m lÆ°Æ¡ng 30 cá»§ rá»“i quay vá» dáº±n máº·t máº¥y tháº±ng lÃ m Ä‘á»§ Äƒn giá»‘ng tao nÃ¨ ChÃ¹a Ãªi =) . Báº¡n vá»›i cháº£ thÃ¢n . . . ThÃ¢n cÃ¡i Ä‘Ã©o gÃ¬ . . . . . . . . . Ten Ten
train_cmanlmfkos|=) Minh Nhá»±t <URL> Crush SG Video . Ä‘m Ã¡m áº£nh vl :( . . # pl
train_lqyosqanip|LÃ¢u nay mÃ©o Ä‘á»ƒ Ã½ mÃ y . SÃºt hay vl
train_wfzbybhbzz|:) ngu vl
train_brzyilqaih|Náº¿u thua tao xin há»©a . K bao giá» Ä‘i bay láº¯c ná»¯a . Äm xin hÆ°a xin há»©a
train_futukdhcxs|Nguyá»…n SÆ¡n TÃ¹ng m dÃ¢m vl
train_nhbqmwamxb|Äáº¥m Ä‘Ã¡ nhÆ° lol Ä‘m á»©c cháº¿ vl
train_emzfdimyqt|Äáº¥m vá»¡ má»“m tháº±ng nÃ y , chá»‰ nghÄ© lá»£i tÆ° mÃ  vÆ¡ vÃ©t khÃ´g nghÄ© cho dÃ¢n .
train_yvjsnvnjqu|VÅ© Ä‘áº¡o tÃ©t mÃ´ng :)
train_eoqmwnfdcv|ngu quÃ¡ thÃ nh quÃ¡ ngu . ngu ngu ngu
train_tpjtomnpmr|LÃª Huá»³nh Lá»™c Ä‘jtconme t cÆ°á»i Ä‘au bá»¥ng vl
train_qytircqkmz|Nguyá»…n Äá»©c Ä‘m sá»‘ hÆ°á»Ÿng vl
train_nfuzhlirty|ngu vl :v
train_otpngyxkbp|á»¤ mÃ¡ , cÃ¡ chiÃªn ngon vl
train_bnxembpxfc|Nguyá»…nn Tra Myy ná»©ngg hÃ£ :v
train_fjyxxnnebl|CÃ¡i nÃ y cang na Truong BÃ¡nh TÃ©t shared a post . <URL> Tai to Má»“m záº©u . Tá»• Ä‘Ä© gá»i tÃªn em ğŸ“£ ğŸ“£ . # TaitoMomzau
train_pnsaaddkhg|cá»¥c sÃ¬ dáº§u clmm tá»¥i bay hÃ¹a vl
train_lfuaumhoxq|ChÃ¢m Nguyá»…n Ä‘mmm ğŸ˜’ ğŸ˜’ ko thÃ¨m nÃ³i cá»© tag tag vÃ o máº¥y cÃ¡i nÃ yyyy . VÃ´ duyÃªn Ä‘cÄ‘ , Ä‘hs váº«n láº¥y Ä‘c ck . A men . . ! ! !
train_nxzfnhycwd|NhÃ¬n cá»© ngu ngu <URL>
train_slkhivinlp|Vcl hot girl ? ? TiÃªu chuáº©n kÃ©m vl :3
train_rzoommfusv|Ngá»©a cu vl ğŸ™ƒ ğŸ™ƒ ğŸ™ƒ
train_mojxjyziuf|Khi chÆ°a láº¥y Ä‘Æ°á»£c tháº±ng mÃ´ ná» rá»©a . láº¥y vá» khá»• hÆ¡n con chÃ³
train_uzepmxdvgd|Ngá»c TÃº dit :) khÃ³ vl
train_jemlnijjou|Äcm . Láº¯m chuyá»‡n vl . . .
train_tlsywyqjku|NhÆ° Ã Nguyá»…n Thá»‹ Ä‘uma ná»‘t tuáº§n ni
train_aaywialasu|Vkl :(
train_pgizrpiqaz|PhÆ°Æ¡ng RÃ´ Ä‘m giá»‘ng t vl =)
train_ujfkfajato|Cháº£ lÃ m clg cÅ©ng tá»± dÆ°ng lÃªn fan cá»©ng vl . :) .
train_gnsalmdgiq|Vl pháº¿ váº­t :)
train_hiqpqjfins|Huyá»n Trang Ãºm ba la xÃ¬ buá»“i cá»§a báº¡n nÃ y =)
train_pcniseuivd|ÄÃºng lÃ  máº¥y bÃ  Ä‘Ã©o biáº¿t lonque j nÃ³i j cÅ©ng Ä‘Ã©o hiá»ƒu lonque j :)
train_wqxjwuiosm|=) choi ngu vl
train_dyjqvcxlsd|Cao Ä‘c 10cm chÃ³ Ä‘áº» vl
train_wueryreswk|XuÃ¢n Nguyá»…n ná»mngu vl
train_supflonuvh|giáº£i nÃ y cÆ¡ cáº¥u láº¡ lÃ²n vl
train_oyepgmzzia|Äá»©c Thá»‹nh dm phÅ© vl
train_bfogqbnlii|Duma nÃ³ cÆ°á»i vl :v
train_gjdiuxtdqr|CÄM nhanh vl :)
train_ijfdecktkz|Tuyáº¿n Minh Äá»— nghe bl cáº§n lol gÃ¬ chuyÃªn mÃ´n tháº¥y hay thÃ¬ báº£o hay . . . . nghe nhÆ° lol thÃ¬ báº£o nhÆ° lol
train_phixdtiunm|Lá»›p tao Ã©o cÃ³ ai Äá»ƒ t Ä‘á»ƒ Ã½ cáº£ ngoÃ i cÃ´ giÃ¡o chá»§ nhiá»‡m ğŸ‘© â€ ğŸ« ğŸ‘© â€ ğŸ« ğŸ‘© â€ ğŸ« ğŸ‘© â€ ğŸ«
train_vonydeykvh|Nguyá»…n Thá»‹ Nhá»› Ä‘Ã­ch thá»‹ lÃ  Ä‘Ã­ch gÃ¬ . . . Viáº¿t ngu m
train_zgsaafmrwz|LÃºc vá»«a cáº¥t giá»ng nhÃ¬n anh trá»‘ng gÃ£y vl :v
train_jpzfnhpjwy|Äm buá»“n Ã³i vl :)
train_epkfmtthkd|Äm láº¡i Ä‘iÃªu vl :)
train_kdceixftif|Cháº£nh chÃ³ vl Ã½ :v
train_ucxymfbrmv|Dm Ä‘á»c mÃ  á»©c cháº¿ vl
train_pgolkeaair|Äm tá»± nhiÃªn máº¥t 100tr . . . hÃ£m vl
train_jswdiffzit|Ämm t cÆ°á»i t Ä©aaaaa :) giáº£ táº¡o vl
train_rxtklkpymm|Chá»i Ä‘km quÃ¡ Ä‘Ã¡ng vs ThanÃ³vl
train_uuljkagusq|Láº¥y ai ? Äá»‹t máº¹ cÃ¡c em nghÄ© láº¥y vá»£ nhÆ° ra chá»£ nháº·t má»› rau . ÄÃ©o cÃ³ gÃ¬ Äƒn thÃ¬ ra nháº·t táº¡m Ã  ? <URL>
train_iyyotmucnt|deo bt : V
train_vbtwwnvcjm|Máº¯t chá»‰ Ä‘á»ƒ trang trÃ­ ditmem = ]
train_rplyeozmnn|Dm , dá»Ÿ hÆ¡i vl - . -
train_esnjmlbjdl|LÃ¢u2 uá»‘ng bá»¯a say sáº¥p máº·t L luÃ´n nk ğŸ˜¢ ğŸ˜¢ ğŸ‰ PhÃºc LÃªÃ­with Neymáº£NguyÃªn VÆ°Æ¡ng .
train_rdilqjwcjf|Äm . Láº¯m chuyá»‡n vl
train_loivgcicsc|dcm tháº­p cáº©m vcl =) ) )
train_ejpltknqhg|Thi Ä‘áº¥u thá»ƒ thao chuyÃªn nghiá»‡p á»Ÿ VN báº¡c báº½o vl
train_oauhwtmkhq|Tháº£m vl :)
train_yiqmikxymb|Xáº¡o chÃ³ vl :)
train_lywnconarj|dm sá»£ cÃ¡i mÃ³n nÃ y vl - _ _
train_hyjhjiytbc|Sau lÆ°ng má»™t Ä‘á»©a con gÃ¡i giáº­n dá»—i lÃ  má»™t tháº±ng con trai Ä‘Ã©o biáº¿t mÃ¬nh sai á»Ÿ Ä‘Ã¢u ğŸ˜ ğŸ˜ ğŸ˜ ğŸ˜ ğŸ˜ Thá»‹ VÃ¢n BunÃ´ngÃ­feeling disgusted .
train_nopclwbevf|Ã‰o hiá»ƒu sao thuá»‘c nÃ³ hÃ´i rÃ¬nh ra mÃ  cáº¯c bá»‘ cug thÃ­ch hÃºt lÃ  sao nhá»‰ . Tao Ã©o hiá»ƒu .
train_dsextedolp|CÃ¡ch chÆ¡i lÃ  mÃ£i mÃ£i cÃ²n cuá»™c chÆ¡i pháº£i cÃ³ Ä‘iá»ƒm dá»«ng . cuá»™c chÆ¡i cá»§a tao Ä‘áº¿n Ä‘Ã¢y lÃ  káº¿t thÃºc . Rom tháº±ng nao kg hiá»ƒu chim cÃºt <URL>
train_gomgftslem|Há»™i chá»©ng sá»£ lá»— ğŸ˜‘ Ä‘m Ã¡m áº£nh vl
train_cgsgknpodf|Tao há»c bÃ i . Buá»“n gÃ¬ tháº±ng lol
train_tyfybhvbtf|NhÃ¬n logo pvb háº±n há»c vl :)
train_ilmwdcqycn|ÄÃ¢y Ä‘Ã©o Ä‘c lÃ m fan cá»©ng
train_mpgvohyntq|ToÃ n thÃ nh pháº§n hÃ£m phÃ¢n . Bá»±c Ä‘áº¿ch á»‹ dc VÃ¢n Em Ã­at PhÃºc Lá»™c - DÆ°Æ¡ng Kinh - Háº£i PhÃ²ng .
train_yndktqdggy|Äá»«ng tÆ°á»Ÿng tao ngu :) , tao ngu thiá»‡t Ä‘Ã³ ai váº­y ? <URL>
train_crctleyamp|BÃ¡n máº¹ máº¥y tk Ä‘Ã²i tÄƒng lÆ°Æ¡ng Ä‘i , pháº£n vl
train_nddualybfx|ChÃº bÃ¡n ráº» lá»— Ä‘Ã­t chÃº vl
train_locrsubnaf|ai tl cho tao biáº¿t cá»¥c sÃ¬ láº§u Ã´ng bÃª láº¯p lÃ  cÃ¡i báº£ máº¹ gÃ¬ Ä‘áº¥y tháº­t sá»± Ä‘áº¿n táº­n bh tao Ä‘Ã©o hiá»ƒu dk hoang mang tá»™t Ä‘á»™ ğŸ˜• ğŸ˜• ğŸ˜• <URL>
train_vdgrwbufbx|KhÃ¹ng . :v
train_slbqgeemuu|TÃ¢m Nguyá»…n Ä‘m sá»£ vl
train_jotibguyue|Dá»‘i má» vl ra :)
train_zquuyeucbf|Äáº¡ xáº¥u Ä‘ang xa . ngu vl
train_skuptmwtyi|ThÃ¹y Trang Ä‘á»‡ch , ngá»©a Ä‘Ã²n vl
train_mbjabtdgmm|Trang Nguyen quÃ¡ Ä‘Ã¡ng vl ğŸ˜‘
train_jpklhlttpn|CÃ¡i Ä‘m Ã¡m áº£nh vl
train_citwaljdha|Äá»©c Cuaa táº¯t ná»©ng vl
train_vbdhssfaxk|ÄÃ©o hiá»ƒu Ä‘i á»‹ vá» lÃªn Fan cá»©ng . Dá»—i vl
train_ngcovrtinb|Hay lÃ  giá» t tá» tÃ¬nh vá»›i crush rá»“i cÅ©ng thu há»“i nhá»‰ . Lá»¡ mÃ  dm chÆ°a ká»‹p áº¥n mÃ  sÃªnthÃ¬ thÃ­ moáº¹ =) . ÄÃ©o ngu hihi
train_pnafcrtsel|Äm há»i thÃ´ng vl
train_lwbbwydhzq|Phuong Quyet tháº¿ váº«n mÃ©o ai yÃªu , tá»™i vl =)
train_ywacmlyopj|Luong Moc Tra di hoc di ranh vl
train_gyusfvjnaf|:v deo can
train_qtazpcbwda|NhÃ¢n NhÃ¢n táº¡ch máº¹ rá»“i :)
train_mbptibrrtl|khi báº¡n Ä‘Æ°á»£c tháº±ng em rá»§ váº­t tay ak Ã©o váº­t ná»•i , nhÃ¬n cÃ¡i máº·t máº¯c á»‰a <URL>
train_ndmxbdretw|Ämm ct phiÃªn báº£n cá»¥c sÃºc vl
train_cdktqfrfgr|Chá»‰ cáº§n bá»‘ mÃ y qua Ä‘Æ°á»£c khoáº£n thá»i gian nÃ y thÃ´i thÃ¬ Ä‘á»‹t máº¹ mÃ y Äá»i áº¡ mÃ y tuá»•i lol ? ? ?
train_lvxtyksboa|Tráº§n KhÃ¡nh VÃ¢n clm :) cÆ°á»i vl
train_hzzktjisfc|bia rÆ°á»£u háº¡i vl :3
train_rxhufciaki|ÄÄ© vÅ© tuá»•i má»›i nhiá»u cÃ¡i má»›i vÃ  quan trá»ng lÃ  cÆ°á»›i vá»£ Ä‘i nhÃ© ^^ chÃºc e táº¥t cáº£ vÃ  Ä‘á»«ng gáº¡ ná»¯a nha ğŸ‚ ğŸ‚ ğŸ‚ <URL>
train_swpuulyyzt|Buá»“n quÃ¡ . Dm buá»“n vl :(
train_phzkitodbp|Ä . m giá»‘ng ngÆ°á»i con xa xá»© G4 vl
train_qankicroso|Háº£i Myy Ä‘m khÃ³ chá»‹u vl =)
train_oxteewxikb|Máº¥y cÃ¡i bÃ¡o nháº£m giá» t láº¥y áº£nh á»Ÿ chá»— khÃ¡c cÃ³ cÃ¡ máº­p song t cx Ä‘Äƒng tháº¿ bay cx share r chá»­i há» ak ngu vcl
train_eqbxjmmprx|Váº­y mÃ y cÆ°a 2 cÃ¡i giÃ² rá»“i di bÃ¡n vÃ© sá»‘ Ä‘i cho mau giÃ u tháº±ng lol giÃ  Ã³ Ä‘Ã¢m .
train_mfafzokass|Nghe muá»‘n ná»©ng vl
train_mfehogodyh|Ã”i disme huá»³nh PhÆ°á»£ng ğŸ˜
train_yhdwfbchhq|Hi ğŸ™ƒ sá»«ng dÃ i vl
train_iwqekiulbb|Ähs mk kh cÃ³ cÃº vl
train_otmqcseapr|Äm giá»‘ng t vl
train_jicehlvatq|Äm má»›i ngá»§ dáº­y vl
train_ptjhxqxbgz|KhÃ¡nh Huyá»n thá» dm cÆ°á»i á»‰a vl
train_lxxttrwfjc|Äm máº·n vl =)
train_ofavqxorcb|NÃ³i máº¥y chá»‹ Ã½ thá»©c kÃ©m thÃ¬ máº¥y chá»‹ gÃ´ng cá»• lÃªn cÃ£i nÃ³i táº¡i bá»‹ rá»“i tin t kÃªu ngÆ°á»i lÃªn ko :) dume hÃ i vl
train_ujiufpllho|ÄÃ©o thá»ƒ cÃ£i Ä‘c vÃ¬ nÃ³ há»£p lÃ­ vcL ra
train_gmoofauixb|LÆ°á»£ng Ronaldo t nÃ³i phÃ©t thÃ´i tin ngÆ°á»i vl
train_sbnqydtqlg|ÄÃ´i cÃ¡nh gÃ  hoÃ¡ quá»· . Ná»ƒ cáº·p nÃ y vl
train_carzxxzvko|K Ä‘á»“ng Ã½ thÃ¬ Ä‘á»«ng cÆ°á»›i cÃ²n Ä‘Ã£ xd cÆ°á»›i thÃ¬ pháº£i yÃªu thÆ°Æ¡ng nhau , sá»­ xá»± nhÆ° váº­y bá»‹ Äƒn Ä‘áº¥m Ä‘Ã¡ng Ä‘á»i tá»™i ngu
train_epqcsuwzrt|Äm vÆ°á»›ng máº·t vl :v
train_vfghgcubct|Máº·t tháº±ng ná»› nhÃ¬n nham hiá»ƒm vl :v
train_znszgoybkf|Nguyá»…n Thá»‹ Kim Yáº¿n Ä‘Ã©o Ä‘Ã©o Ä‘Ã©o vÃ  Ä‘Ã©o nhaaaaa
train_yrxiexzmxc|cháº¥t vcl :)
train_wejtcirflf|á»¦a dáº¡o nÃ y phong trÃ o lÃ  tung clip sáº½lÃªn máº¡ng háº£ ta ğŸ¤” ğŸ¤” ğŸ¤” Nguyá»…n Ni Na Ã­with Nguyá»…n NiNa .
train_tcyyfaoqfj|CÃ´ giÃ¡o Ã©o Ä‘á»c ká»¹ Ä‘á» bÃ i . . . VÃ£i lol
train_qekxwnhbdj|ÄÃ¹ mÃ¡ :) hay vl
train_yxomsvwvhl|Vcl :)
train_jdslgbppxg|Cl j cÅ©ng cÃ³ ngoan . Vcc . Cá»©ng vl
train_qxduzgfwil|MÃ y ngu láº¯m tháº±ng Mario Æ¡i ! ! ğŸ¤” <URL>
train_csabvzxaki|Dm nhin MU thi chan vl
train_icfwgvuirc|Äm vl :)
train_mtawwdjxxg|Äá»“ng cáº£m vá»›i m . NhÆ°ng váº­y thÃ¬ ngu tháº­t . M ngu mÃ  t cÅ©ng ngu :)
train_ktstphadvn|Fan vs quáº¡t máº¥t náº¿t vl =)
train_vhcyfonmpp|Máº«n ThÃºy nhÃ¬n ngu vl :)
train_twrsrryiph|Äm sÃ¡ng niá»‡m pháº­t tá»‘i láº¡ii chá»•ng mÃ´ng
train_jrqxujrkfh|á»’ vcl . :)
train_jgqfepbfgd|ÄÃºng tháº¿ Ä‘m cay vl
train_vjaqkclanu|CÃ¡u vl =( ) ) ) ) ) ) ) Äá»©cc Viá»‡tt
train_qbvzjecjzp|Bá» má»‹a tháº±ng ordáº»Ä‘á»“ Äƒn :) Vinh Vo <URL> Hiá»‡p . Ã´i Ä‘m . . . . @ áº£nh FB
train_mfaconqwoe|Äume Ä‘au rÄƒng vl :(
train_odvvacpblv|Ähs t chá»‰ tÃ¬m tÃªn Äáº¡t , Ã¡m áº£nh vl :v
train_kyefothvcx|ÄÃ©o :) táº¡ vl
train_jyirofdlot|ÄÃ©o cÃ³ nyc huhu buá»“n vl
train_rasgfoputp|LÃ m cÃ¡i gÃ¬ cÅ©ng má»‡t má»i tháº­t . . Ngu gi mak ngu truyá»n kiáº¿p
train_unolxgokwg|QuAng Linh Ä‘á»¥ máº¡ giÃ³ng t vl
train_tggphtzvmr|Dmm ngu vl :)
train_bhjcwqwywk|Vcl ? ? =)
train_zghuuucazi|Candy Beáº£chá»‰ lÃ  tua nhanh thÃ´i mÃ  nhÃ¬n cá»© ngu ngu :)
train_muzretkpar|Háº£i HÃ o Hoa CC dá»‘t cc cay vl
train_yupovlxawn|Anh em sá»‘ng vá»›i nhau vÃ¬ cÃ¡i tÃ¢m cÃ¡i tÃ¬nh chá»© Ã©o sá»‘ng má»™t mÃ¬nh báº¡n Æ¡i ! <URL>
train_lxwmlelnpz|Barney Ross con cá»§ lÃ²n nÃ o áº¥y kkkkkkkkkkkkkk giáº£i trÃ­ quÃ³ooo
train_hjalhdmcfq|Äcm ÄÃ³ng BÄƒng Ä‘áº¿n nÆ¡i rá»“i :( láº¡nh vl
train_kvefcpamlv|Ly PhÆ°Æ¡ng nwngs vl
train_yjvvbpipry|ÄÃ©o ns Ä‘Ã©o sao ns ra nÃ³ tá»« chá»‘i nhá»¥c vl
train_tigayknqho|Logic vkl :)
train_nbukwufghy|Len Tráº§n nhá»©c Ä‘áº§u vcl
train_ksdhhhxgwh|Äáº¹p nhÆ°ng Ä‘iÃªn vl
train_ldfzwcxgom|LÃª Thu Thuá»· Ä‘m . quÃ¡ Ä‘Ã¡ng vl :)
train_adypnvaoif|Tao cÅ©ng Ä‘á»‹nh buÃ´n . MÃ  lÃºc Ä‘Ã³ Ä‘ang á»Ÿ ngoÃ i Ä‘Æ°á»ng tao mÃ  buÃ´ng thÃ¬ Ä‘Ã©o cÃ²n miáº¿ng vÃ£i che thÃ¢n .
train_ulihcvaqcq|Dkm mÃ y Ä‘á»i , tao láº¡i sá»£ mÃ y quÃ¡ cÆ¡ . . . ğŸ˜ ğŸ˜ ğŸ˜ ğŸ˜ ğŸ˜ Thiá»‡n ThÃ¢n Thiá»‡n Ã­feeling crazy . <URL> PhotÃ³from Thiá»‡n ThÃ¢n Thiá»‡n ' s post
train_xawbydowhy|MÃ y khÃ´n láº¯m . . . tháº±ng ngu áº¡ !
train_sxmrtrkasf|Chi Linh Nguyen cÃ¡i htrc má»‡t hÆ¡n =) Ä‘cm bá»n nÃ y láº§y vl
train_ydyphvheza|Vl ghÃª tháº­t , thiáº¿t nghÄ© háº­n máº¥y thg bÃ¡n xÄƒng vl
train_zldstbkqoj|Tao nhá»› bÃªn Thuá»³ Trang Nguyá»…n bÃªn mÃ¬nh tÃ¬m nguoi cá»©u con nÃ y ra mÃ  ? Sao giá» chá»­i nhu chÃ³ váº­y ? ? ?
train_bdhvtmcaqm|cáº±c , Ä‘Ãºng vl
train_bijmolxncc|Thanh An khÃ³ á»Ÿ vl :v
train_rhxkfzxxba|Tráº§n Thá»‹ Má»¹ DuyÃªn <URL> Máº·n . . ThÃ¨m chá»‹ch vl =)
train_qgteuyjgti|Khang Tráº§n vcl :)
train_jvpeftmjtd|Eo Ä‘m tá»Ÿm vl ğŸ˜¨
train_rrszhdeynu|Há»“Thá»‹ Ngá»cYáº¿n cÃ³ Ä‘cm :) giá»‘ng vl :)
train_ivskwwllvz|Lam :) theo kinh nghiá»‡m 4 nÄƒm Ä‘i thi t Ä‘á»u trÃºng phÃ²ng cuá»‘i cÃ¹ng vÃ¬ do t tÃªn TrÃ¢m ğŸ™‚ mÃ  thÆ°á»ng thÃ¬ phÃ²ng cuá»‘i toÃ n máº¥y Ä‘á»©a cÃ¡ biá»‡t há»c Ä‘Ã©o giá»i ngu vc :)
train_qqdixlzioe|Äm chuáº©n soÃ¡i ca vl
train_zvhdukrgyo|Ngu cc . ÄÃ©o ngu nhÃ© <URL>
train_olorlkrtjt|Nguyá»…n LÆ°Æ¡ng Thá»§y Diá»‡u Äm há»c ngu m Æ¡i ! ! !
train_pybxtjktml|GÃ  vl :)
train_lywrqoqeyx|Ä‘m . LiÃªn quan Vl ra :)
train_dcsriglpog|Tran Quoc Huy mÃ¡ bá»‹ dáº«n 3 bÃ n váº«n sá»§a dc ğŸ¤£ ğŸ¤£ sá»£ vl
train_fgnrkeykok|Tao cÅ©ng má»‡t láº¯m dá»“i mÃ y ak
train_gqurxbashu|Há» nÃ³i ngu nhÆ° chÃ³ nhÆ°ng tháº­t ra chÃ³ ko ngu , chá»§ nÃ³ ngu :)
train_yeqestisgk|Äcm . NÃ³ láº¡i khá»›p vl Danh Hoang
train_pohxliywit|Äá»™i hÃ¬nh sw vÃ¡n 4 tÃ¹ vl
train_fipelglptf|Cháº¯c chym chÆ°a Ä‘á»§ thÃºi sao Ã¡ nÃªn xg mÆ°Æ¡ng ngÃ¢m thÃªm vá»‹
train_xdyedxhpsn|Clm quáº£ tá»± vá»— tay vl =)
train_gxeqzqxgbe|ChÃ¢n tay xáº¥u vl Ä‘i lÃ m nail phÃ­ tiá»n vl :)
train_ofaciwtkrs|CÃ¡c Ä‘á»“ng dÃ¢m tháº­t vl - ) ) )
train_vcczwtsslp|ğŸ˜† ğŸ˜† Nguyá»…n Thanh â€” with PhÆ°Æ¡ng Tháº£o . <URL> Tai to Má»“m záº©u . Tá»• Ä‘Ä© gá»i tÃªn em ğŸ“£ ğŸ“£ . # TaitoMomzau
train_bwudsgqolx|Ã  bÃ¡c cÃ³ xem moto gp ko , bÃ¡c k pháº£i cá»© kÃ©o háº¿t ga , mÃ  lÃ  kÃ©o lÃºc con ngá»±a gáº§n má»‡t thÃ¬ cho nÃ³ nghÄ© r háº£ vÃ­t ga tiáº¿p , gÃ  vÃ£i lol :)
train_oblrjyizhq|=) nhÃ¬n con kÃ©o trÃ´ng hÃ£m lá»nh vl :)
train_ogcmeaoycd|á»œ . . M ngang vl ra ğŸ™ƒ
train_btuhvzwfiu|ThÃ¹y TrÃ¢m clm thÃ¨m vl
train_puduykoiyh|NÃ³ lÃ m Ä‘á»ƒ quáº£ng cÃ¡o nÃ³ bÃ¡n Ä‘Ã¨n chá»© cÃ³ dÃ¹ng Ä‘Ã©o Ä‘Ã¢u mÃ  chá»­i :)
train_wjrbbwbsnu|Sau bao nhiÃªu láº§n bá»‹ cÃ´ng an giao thÃ´ng báº¯t ğŸ˜Œ em Ä‘Ã£ rÃºt ra má»™t kinh nghiá»‡m , khi bá»‹ báº¯t Ä‘á»«ng cÃ³ lanh chanh rÃºt Ä‘iá»‡n thoáº¡i gá»i xin tháº±ng lol ğŸ¤ ğŸ» nÃ o háº¿t , khi chÆ°a cÃ³ chuyá»‡n thÃ¬ toÃ n má»Ÿ miá»‡ng anh quen nhiá»u láº¯m cc ğŸ–• ğŸ» thÃ´i cÃºi Ä‘áº§u xin máº¥y chÃº tha ğŸ˜˜ nháº¹ giá»ng xuá»‘ng khÃ³c lÃ³c chÃºt xÃ­u
train_rxopozmvep|quáº£ Ä‘áº§u kháº¥c cháº¥t vl !
train_ptchkwpojh|Ká»³ Nguyá»…n Cao tin ngÆ°á»i vl
train_zjcgjtirhd|Äm nhÃ¬n ngá»©a vl :(
train_ujkpwiewxi|Äm cay vl . . :) Nguyá»…n VÄƒn HÃ¹ng Ã­feeling depressed .
train_fvnxizzees|Vl chá»‹ch :)
train_nxawtutwom|Máº·t m ngu vl :v
train_sfnnnhtyvu|Äm giá»‘ng ny tao vl :)
train_sdgfujohlo|Hang Thu Nguyen vl cuá»“ng cmt Ã 
train_jfpnzfaeac|Vcd t nghiá»‡p cháº¥t thÃ nh nÃºi sao ğŸ˜ quÃ¡ Ä‘Ã¡ng vl
train_tvcwfjbbtq|Äm dá»‹ á»©ng vl ğŸ™‚ . .
train_rzelktmsym|Cao Suáº¥t PhÃº vl thiáº¿t vá»“n :)
train_tnbdvntmbk|ChÆ¡i game vá»›i máº¥y ngÆ°á»i nhÆ° váº­y á»©c cháº¿ vl
train_wonkivkkas|Dm tao tÃªn lan phuong vl
train_bltlvpcclw|Vá»£ t tuá»•i lon nha ğŸ˜ ğŸ˜ ğŸ˜ ğŸ¤£ ğŸ¤£ ğŸ¤£ nhÆ°ng mÃ  t sá»£ vá»£ vl
train_ebahxmndep|HoÃ ng máº·t lÃ¡o vl
train_ksffcjjbgp|Link Chip kinh vl
train_jrvcllzjky|Triá»‡u . T Há»“ng Ä‘cm giá»‘ng Ä‘áº­u phá»¥ vl :)
train_qqwflbgqmp|tá»¥i báº¯c kÃ¬ dÆ¡ vl
train_krexbikjdr|Vcl 119 chá»‹ch chá»‹ch chá»‹ch
train_xzpinquhht|Tri Nguyen qua bá»‘ tháº¥y mÃ y chá»Ÿ ai Ä‘i vÃ o gáº£mÃ  tao Ä‘i sÃ¡t chá»­i mÃ y Ä‘áº½o nghe
train_ftycklkooi|Kaka Ä‘Ã©o cÃ³ nÃ´ng ğŸ¤£ nhÃ¬n hÃ£m vl
train_vvamwxaner|ÄÃ©o cÃ³ vl :)
train_sxsbqcoumr|Ãšt Nam lÃ¡o vl
train_mjgmrttuie|Vcl - . -
train_pmukphpybg|Äm hÆ° há»ng vl . InbÃµ :)
train_mkuwkiulky|HoÃ ng KhÃ¡nh Huyá»n vÃ  k ngá»«ng Ä‘á»¥ báº¡n háº±ng ngÃ y cho tá»›i khi bá»¥ng bá»± r láº¡i trá»‘n =)
train_bjdfmtbcck|Hoang Khanh dá»‹ cÄ‘mm
train_dotdikxhsi|mÃ y Ä‘á»™c thoáº¡i Ä‘áº¥y ah . ngu vc
train_eulpwllufg|Tao ghÃ©t vl .
train_yeyiizzyjc|mÃ y Ä‘á»¥ tao muá»‘n nÃ­n thá»Ÿ luÃ´n . dkm nÃ³a vl
train_rvhxgovreh|IvanDac Thinh @ @ dm giá»‘ng vl thá»
train_hvuiiuqqgb|dm cáº§u thá»§ ng ra IQ vÃ´ cá»±c
train_bgzooqxqhl|dduma . . . cÆ°á»i tuá»™t cáº±c . . . :v
train_ibxhmllckl|Duy MÃ£Ä‘m bÃ©o vl thá»
train_qisdqvyoxs|Äzai vailon :v
train_csxvyjafze|3 Ä‘iá»ƒm vl :)
train_uepagkcrji|Nguyá»…n Tháº¿ Anh Ä‘m cÃ²n chÆ°a kb Ä‘Ã£ nÃ³i gá»Ÿ vl ğŸ˜•
train_trixglmiyi|DÃ¹ ai giáº­n thÃ¬ con trai váº«n pháº£i xin lá»—i , dm tao FA ÄÃ¢y Ä‘Ã©o yÃªu ná»¯a <URL>
train_onyqywptvi|Loan Bá»‘ng Ä‘á»¥ mÃ© :v
train_htfgovujou|Cmt nhiá»u vl ra
train_ebwihnjvja|Nguyá»…n Trung Hiáº¿u m ngu vc
train_gugsqjuolj|Anh PlÃºkháº¯m vl
train_jbbtpkpipc|TÆ°á»Ÿng mÃ¬nh la Ã´ng trá»i . . . ko cÃ³ cai ngu nÃ o giÃ´ng cai ngu nao
train_elfrplikot|ThÃ´i táº¡m cháº¥p nháº­n anh chá»© em biáº¿t s h =) Lanh Nguyen <URL> HÃ³ng Há»›t Showbiz . CÃ¢u nÃ³i Ä‘Ã¡nh báº­t má»i lá»i Ä‘Æ°á»ng máº­t :) . . Cre on pic
train_fnkjbcywoe|NhÃ¢y vl :)
train_axdcaxhmqw|Trá»ng Thuá»· :) noa láº¡i há»£p lÃ­ vl
train_rozhktuakx|Äáº·t slot HoÃ ng Hiá»n <URL> Tai to Má»“m záº©u . Tá»• Ä‘Ä© gá»i tÃªn em ğŸ“£ ğŸ“£ . # TaitoMomzau
train_ttghxjiyfu|Äm Ä‘ag Ä‘Ã³ng phim city huntáº»mÃ  nhiá»…u vl =)
train_aredqgqwaq|Äm cáº±m nhÃ¬n sá»£ vl
train_quvrwrxscr|Äá»‹nh má»‡nh cl :)
train_tcmvbndbew|TÃ³c bá»n cgai thÆ¡m vl : :)
train_figcjhehnd|Anh Ä‘Ã¢u cÃ³ Ä‘á»ƒu Ä‘áº¥y lÃ  em tá»± theo anh Ä‘áº¥y chá»© . ğŸ¤£ . # MV _ Xa _ Em . # Minh _ VÆ°Æ¡ng # Du _ ThiÃªn . ğŸ‰ ğŸ‰ . Link full : <URL> <URL>
train_rujpfrmzqu|TÃªn Ä‘áº¡t dáº¡o nÃ y ná»•i vl
train_xhcfigjpfo|Äm t chá»­i báº­y láº¯m vl
train_nvdmkllbhq|Mnc Mnl duma vÃ´ cmt áº¿ vl
train_jdatgcgxck|what Ä‘á» heo :v
train_ffygrdqssa|du mÃ¡ . tÃ i cao vl
train_bjeiaoywws|Le Vinh Ä‘cm khÃ´n vl
train_fqzadbrdhu|MÃ¬nh nhá»› nyc vl :)
train_rabgknnedt|Dá»… dÃ£i z cháº¯c bá»‹ " " si Ä‘a " " r háº­n Ä‘á»i dá»¥ tao Ã  , Ä‘ ngu nhÃ©
train_lefggueubo|Trend nhiá»u nháº¡t vl
train_rkeiggezsf|CÃ³ tiÃªn Ä‘i Ã´ tÃ´ . nhÆ°ng Ã³c lai bo quen o nha
train_byxrkzekin|Dm tÃ¡t thÃ´ng bÃ¡o nÃªn quÃªn
train_dfktpkfjkc|Ä * m * nÃ³ báº¯n ko trÆ°á»£t phÃ¡t lÃ o ğŸ˜¢ hÃ¢m má»™ Vl ğŸ’ª
train_awcmsvcxtb|HÆ°ng Nguyá»…n Viáº¿t bá»‡nh vl hjxxx
train_taavbiyhnq|Nay m triáº¿t lÃ½ vl
train_eppcyhjsyi|ChÃ¡n cáº£nh Ã¡p lá»±c má»i thá»© tháº­t sá»± . ÄÃ©o hiá»ƒu sao ná»—i buá»“n Ä‘Ã©o buÃ´g tha mÃ¬nh
train_xmufnxkocq|buá»“n vl buá»“n vllllll Ä‘mbnl Ä‘mmdmmdmd
train_gbfwxjbxhe|Qq Ä‘ang áº¿ nek may 3 . ai náº¥u za t lm báº¿p mÃ  áº¿ sml nek
train_opfgtoijqh|ÄÃ©o hiá»ƒu lÃ­ do ctay xÃ m vl
train_kaubafehdc|ny thÃ¬ Ä‘Ã©o cÃ³ thÃ¬ láº¥y Ä‘Ã©o Ä‘Ã¢u ra sá»«ng :) hÃ i hÆ°á»›c vl
train_csawsgzzus|Pháº¡m VÆ°Æ¡ng Linh ná»¯a xuá»‘ng DiÃªm VÆ°Æ¡ng á»•ng Ä‘Ã©o sai Ä‘áº§u máº¥y tháº±ng trÃ¢u máº·t ngá»±a á»quáº£n ngá»¥c giá»¯ m . VÃ¬ ngá»¥c hÆ¡n ngá»¥c . LOL
train_ankprjymzs|NÄƒm Ä‘ nÃ o cÅ©ng váº­y . ChÃ¡n vl
train_zikvramgbu|Sá»‘ng trÃªn Ä‘á»i , Ä‘á»«ng cÃ³ quÃ¡ tá»± cao tá»± Ä‘áº¡i , vÃ¬ cuá»™c sá»‘ng nÃ y Ä‘Ã©o cÃ³ ai ngáº¡i ai Ä‘Ã¢u . <URL>
train_hufohdpwsz|Peach Ä‘á»‡t :v
train_nnnwahyhnn|Vcl cháº¥t :3
train_twphljetpf|Äm thÃ´ nhÆ°ng tháº­t vl
train_mkdmqafoid|" " Ä‘m pháº£i bÃ¡n " " dm giá»‘ng TÃ¢n vl
train_pvstrqmhwi|NgÃ y cc toÃ n chuyá»‡n buá»“n sÃ¡ng thÃ¬ vá»¡ nÃ¡t cÃ¡i Ä‘t tá»‘i thÃ¬ láº¡c máº¥t ngÆ°á»i thÆ°Æ¡ng muá»‘n chá»­i thá» vc
train_pikkwtxszc|nghe má»‡t vl " " :)
train_lqfwgfaixq|Thu Hiá»n <URL> Run Yoá»§Life . nhÃ¬n máº·t tá»™i vl = ) ) )
train_tjyejiyjhr|Man King khinh Ä‘á»‹ch vl
train_xgvzcxytag|DÃ¡m máº¥y tháº±ng máº¯t dáº­y cho di bÃ³c ğŸ“…
train_ohkfsawbet|MÃ y chá»­i tao Ä‘áº¥y Ã 
train_kxclclenbq|Chá»‹ch xong r Ä‘i á»‰a hp vl
train_fneuzwtttc|GhÃ©t bá»n nÃ o nÃ³i cÃ¢u nÃ y vl
train_uffllgoatl|ÄÃ n Ã´ng Ã­t nhiá»u cÃ³ sÄ© diá»‡n . TrÆ°á»›c lá»… thÃ nh hÃ´n cÃ³ bao nhiÃªu ngÆ°á»i . Äang cbi mÃ  gáº¡t phay tay ra . LÃºc Ä‘Ã³ cÃ¡c báº¡n ná»¯ cÃ³ hiá»ƒu cáº£m giÃ¡c Ä‘Ã³ k . Äm tao cÅ©ng Ä‘Ã©o hiá»ƒu kkk
train_fkzjowtjao|Ad Ä‘ag nÃ³i t Ä‘áº¥y Ã  . . dm chuáº©n vl
train_zgkrthgerv|Ä‘cm cmt cháº¥t vcl :v
train_dcxsjzgzag|Tá»« 78 cÃ¢n lÃªn 102 cÃ¢n . Äm vl
train_tjamwxeduk|Bá»‹ khoÃ¡ like , cay vl
train_wafhcofiey|Tula Ä‘Ã¡nh cÅ©ng tá»Ÿm vl :)
train_nzwfbmcjqi|Doan Viet Hung k lÃ m muá»‘n Äƒn . . Láº¥y Ä‘Ã¢u ra bÃ¡c . . GiÃ  rá»“i yÃªn á»•n tá»§i giÃ  Ä‘i . . Ä‘á»ƒ tráº» con chá»­i ngu
train_bvpnrojuim|HoÃ ng Yáº¿n Ä‘m tá»Ÿm vl
train_stzwermnmr|VÄƒn LÃ£m Pháº¡m dm hÃ£h diá»‡n vl :)
train_wxdcmrgqmc|CÅ©ng muá»‘n cÃ³ ngÆ°á»i Ä‘á»ƒ cÃ£i lá»™n vl
train_mmfnzlgmco|Buon gkÃª :) dung tin anh tren fb cua t vi ngoai doi t xau cho vl :(
train_ljwtwclxlx|May con cho d like hinh tao ve tao dap cm ğŸ¥º <URL>
train_rcmwfwlqoo|Tráº§n Quá»‘c quáº£ cuá»‘i Ä‘m Ä‘iáº¿m vl
train_vgbifylxnj|Äá»‹t máº¹ máº¥y trÄƒm ngÃ n 1 kÃ­ Ä‘áº¥y , nhiá»u khi cÃ³ tiá»n cÃ²n cháº³ng cÃ³ mÃ  Äƒn kia kÃ¬a , á»Ÿ Ä‘Ã³ mÃ  trÃ¡nh , ngu lÃ²i lol
train_oigqordsei|QuÃ¡ Ä‘Ã¡ng vl : < <
train_whkkprxlzf|HÃ  My cÄ‘m mÃ y =) bcuoi vl
train_nqmdybwqon|NhÃ¬n tÃ¹ vl :)
train_yudketkhei|Tháº±ng nÃ y vÆ°á»£t xe gá»— gÃ³c cua háº¹p . Ngu vÃ£i Lol
train_umdtmbbvxb|GhÃª tá»Ÿm vl nháº¿ch nháº¹
train_kelupyayfp|Äi chÃ¹a mÃ  Ä‘Ã²i há»i vl
train_xiyvspxdzk|NÃ³ cháº£nh vl :)
train_vxqyxaybud|báº» lÃ¡i gáº¯t vl
train_wxmbuvxlox|Tr Ä‘umÃ¡ ghÃª gá»›m vl
train_uvevvvjtaq|Nguyá»…n VÄƒn Quyá»n :) dm bÃ¬nh luáº­n hay vl
train_huhfljgnwl|Äm cÃ¡i size bÃ¢y giá» sao giá»‘ng cÃ¡i size 5 10 nÄƒm ná»¯a , huá» vá»‘n vl
train_ijptqoxvfd|Lá»‹t máº¹ máº¥t máº·t vl
train_jzlvkcdprc|HÃ´m bá»­a , cÃ³ Ã´ng Ä‘á»“ng nghiá»‡p nhá» tui lÃ m thay ca Ä‘á»ƒ anh ta cÃ³ thá»ƒ dáº«n ngÆ°á»i yÃªu Ä‘i Äƒn tá»‘i ká»‰ niá»‡m 1 nÄƒm yÃªu nhau . Aww cÃ´ng nháº­n lÃ  dá»… thÆ°Æ¡ng á»© chá»‹u Ä‘Æ°á»£c luÃ´n Ã­ . . . . . TÃ´i báº£o " " Ä‘Ã©o " " <URL>
train_npjymbmguo|Nguyá»…n PhÃºc TÃ¢n :) Ä‘cm vá»«a áº¥n f5 :)
train_nisvyvwuge|Dm do vo chat luÃ´n t xiu nua thi xd rá»“i dung tin
train_hjoyfhyjfu|Tháº±ng e mua cho bá»™ qao :) . Máº·c bá»‘ cho cÃ¢u Ä‘m nhÃ¬n nhÆ° tháº±ng Ä‘Ä© vcÄ‘ hahaha <URL>
train_xcowysgyyt|Anh Phan tag cc láº¯m vl
train_lykteeyidr|Nhá»•n LÃ m gáº¯t vl
train_fyobvhiycj|BÃ© Em vl lÃªn dc fan cá»©ng sáº½ nhÃ¡c cmt kkk
train_wsduzwjjrd|xinloiem ğŸ˜ anh giÃ  r ğŸ˜ máº¥y cÃ¡i nÃ y a Ä‘Ã©o hiá»ƒu Ä‘Ã¢u <URL>
train_birmembigd|Tháº±ng Ä‘Ä© ny chá»­i tao , huhu
train_lvjpopowhe|Äá»¥ xanh chÆ¡i kÃ¬ vl :)
train_dzefocnyrc|sá»‘t cmnr . má»‡t vkl Nguyá»…n Máº¡nh JÄ©nÃ­feeling sick .
train_mmrmcjeupz|thua má»™t th lá»›p 10 . nhá»¥c vl
train_cfizucetqf|Thanh TÃ¹ng dm tháº¥t nghiá»‡p chÃ¡n vl
train_mzjdanemwt|Äcm ngÆ°á»i vá»›i ngá»£m vl
train_feowmbebzy|cáº·p máº¯t muá»‘n nÃ³i Ä‘á»«ng Ä‘á»¥ng Ä‘áº¿n bá»‘ mÃ y ko mÃ y sáº½ há»‘i háº­n Ä‘áº¥y tháº±ng chÃ³
train_zwmdrputwk|Ämm nÃ³i nhiá»u vl
train_kwkcwsalkb|. dá»… b . . c . . ğŸ¤ª dm vl
train_nnnprrmzli|Pháº¡m Giai NhÃ¢n cÃ³ Ä‘c chá»n lol mÃ  cmt . tháº±ng ngu . haha
train_rbdkmzusee|Phan Hieu máº·t thanh niÃªn Pogba Ä‘áº§u Ä‘á» kháº¯m vl
train_soefkxtpjm|ÄÃºng ğŸ˜ xáº¥u tÃ­nh vl
train_vtqxytpppl|LÃ€ NGÃO VL ÄÃ“
train_mmqlghoqoo|á»‘ . . Ä‘m giá»‘ng mÃ¬nh vl
train_sbowxmkeyi|Sml chá»© á»•n á»•n c . . . g
train_csvulivgbl|Äi nháº­u vá» tháº±ng báº¡n phÃ³ng nhÆ° bay . . báº£o Ä‘ . mm cháº¡y cháº­m thÃ´i . no quay láº¡i báº£o nÃ£y giá» tao tÆ°á»Ÿng mÃ y chá»Ÿ tao .
train_gdjtiodvns|LÃª TrÆ°á»ng t tháº¥y cho xuhao vÃ´ Ä‘Ã¡nh cho an toÃ n meli nÃ³ tÃ¢m lÃ­ run vl nhÃ©m xÃ­u rá»›t dÃ¡i ra ngoÃ i
train_vmmelypwym|LÃºc nÃ o cÅ©ng muá»‘n cháº¡y Ä‘ua vá»›i tháº¿ giá»›i . NhÆ°ng mÃ  cÃ¡i Ä‘eo gÃ¬ cÅ©ng tiá»n tiá»n . ÄÆ°Æ¡ng nhiÃªn lÃ  cÃ³ tiá»n má»›i xuáº¥t nháº­p kháº©u Ä‘Æ°á»£c mÃ  máº¥y cÃ¡i ngÆ°á»i Ä‘áº§u to tham thÃ¢m chá»‰ biáº¿t lao Ä‘áº§u vÃ o viá»‡c Ä‘i ngÆ°á»£c láº¡i vá»›i tháº¿ giá»›i . . . Cháº£ hiá»ƒu sao chá»‰ vÃ o láº¥y hÃ ng nháº­p kháº©u vá» mÃ  cÅ©ng máº¥y máº¥y máº©u cho máº¥y bÃ¡c gÃ¡c . LÃ m Äƒn nhÆ° cc . Viá»‡t Nam mÃ£i mÃ£i trÃ¬ háº­u , kÃ©m phÃ¡t triá»ƒn . NhÆ° con nhá»™ng khÃ´ng muá»‘n tÃ¡ch vá» tham lam Ä‘i ra ngoÃ i . . . Kháº©u nghiá»‡p . Nam MÃ´ A Di ÄÃ  Pháº­t
train_yihzyzwyca|Má»›i vl dm :)
train_bekprhletr|Em Oi ÄÃ¢u Vá» vÃ ng Ã©o Ä‘Ã¢u mÃ  bÃ¡n , bÃ¡n há»™ há» chá»› nhÃ  lÃ m ra vÃ ng thÃ¬ H Äƒn cÆ¡m cÅ©ng báº±ng vÃ ng chá»© Ã©o ai cÃ²n nghÃ¨o Ä‘Ã³i nhÆ° nhÃ  T , nhÃ¬n pháº£i NhÃ¬n sÃ¢u chá»© nghe phong phanh cÃ¢u lÃ m vÃ ng mÃ  cÃ³ vÃ ng Ä‘eo thÃ¬ Ã©o ai cháº³ng giÃ u
train_hpfposwxqk|TrÆ°á»ng HÆ°Æ¡ng im me mom di
train_afqgfasjer|VÅ© VÄƒn Tiáº¿n Ä‘Ã©o pháº£i lÃ  ngu ms há»i mÃ  há»i viáº¿t bÃ i ngu
train_wskwmzojfi|ChÃ³ bá»‹ thá»‹t toÃ n lÃ  chÃ³ ngu thÃ´i Ã  =)
train_gccuhsalwh|BÃºa Ä‘Ã©o nÃ³i láº¯m vl :)
train_muzscihfuc|Kenrou Horo :) tr Ä‘á»‹u máº¹ s m nhanh vl v
train_ziucqzyajg|Bá»‘ biáº¿t Ä‘á»©a nÃ o há»i cÃ¢u nÃ y bá»‘ váº£ tÆ°ng lol :) <URL>
train_ucurlmndyu|Ä uá»‘ng t bÃ©o vl
train_eyppdkkogh|Nhung Nhung xamlin vcl
train_vwlaowzigj|Nguyá»…n DÅ©ng chÃº cmt dáº¡o nhiá»u vl
train_gmkabjkewx|Äá»‹nh má»‡nh t Ã©o cÃ³ ghá»‡mÃ  . Äá»©a nÃ o hÃ¢m tao váº­y <URL>
train_clfliiufql|vcl manacanh :)
train_yqnmkgiulx|Le Juptle said : " " Dá»— mÃ y Ä‘á»ƒ mÃ y biáº¿n tao thÃ nh tháº±n láº±n nÆ°á»›ng Ã  , Ã©o nhÃ© " "
train_uqzmpkmvwz|Hiá»ƒn nhiÃªn vl :)
train_goqcajyjsk|GÃ¢u GÃ¢u má»‡t vl :)
train_smhjtxybwz|Máº·t Phá»“ng hÃ£m vl
train_dtpkllvoea|Quan trá»ng lÃ  gÃ¡i nÃ³ Ã©o thÃ­ch yÃªu trai nghÃ¨o . á»
train_bgpihyqmkr|Tao chá»‰ sá»£ nÆ°á»›c máº¯t máº¹ rÆ¡i . Chá»© Äƒn chÆ¡i lÃºc nÃ o Ä‘Ã©o Ä‘c <URL>
train_pchdwxkejq|Minh Chiáº¿n rá»“i thua thÃ¬ Ä‘á»• tá»™i cho nÆ°á»›c ngta nháº­p tá»‹ch , mÃ¬nh thÃ¬ cÃ³ mÃ  Ä‘Ã©o giá»¯ =)
train_ihxushtxkz|Ãnh DÆ°Æ¡ng cÃ¢u tl Ä‘Ã©o bk sao mÃ  láº§n :) vl :)
train_boyukpyzwf|á» cÃ¡i xÃ£ há»™i nÃ y Ä‘Ã©o cÃ³ chuyá»‡n Ä‘Ãºng hay sai . . . . chá»‰ cÃ³ káº» giÃ u ngÆ°á»i ngÃ¨o mÃ  thÃ´i . . tháº±ng giÃ u sá»‘ng kiá»ƒu tháº±ng giÃ u . . tháº±ng nghÃ¨o chÆ¡i theo cÃ¡ch cá»§a tháº±ng nghÃ¨o . . . . Cuá»‘n ThÆ°Æ¡ng - Ã­with KÃ©t Ã‚n and 4 others . <URL> PhotÃ³from Cuá»‘n ThÆ°Æ¡ng - ' s post
train_hhyxamsram|Tháº¿ tag lÃ m Ä‘ell j váº­y . . cÃ¡u vl
train_sqqxeparjk|: > cÃ¡u vl
train_igpepozvwx|cÃ³ tiá»n mua xe mÃ  Ä‘Ã©o cÃ³ tiá»n Ä‘á»— xÄƒng . nhá»¥c vl
train_ntopquwvlb|VÅ© HoÃ ng Trung hÆ¡ ai Ä‘Ã³ bá»›t sÄ© diá»‡n láº¡i thÃ¬ ok . CÃ²n ko Ã©o share
train_ogzhjbslni|Ngá»§ lÃ m j khi Ä‘á»™i bÃ³ng cá»§a báº¡n ghi dc cÃ³ 4 quáº£ vÃ  Ä‘Ã©o nháº£ cho tháº±ng messi quáº£ nÃ o ğŸ¤ª ğŸ¤ª lÃªu lÃªu máº¥y tháº±ng xanh nÃµn chuá»‘i <URL>
train_czenudlxni|cÃ¡i dm táº¥u hÃ i vl
train_jbdgmbidfy|BÃ¹i Trung Háº£i mÃ  m mÃ  chá»§ Ä‘á»™ng nÃ³ tÆ°Æ¡ng vá»¡ má»“m m
train_fxvlsdmpzh|Muá»‘n giáº¿t ny nÃ³ vl ğŸ˜‘
train_irmhaixfxy|TrÃ­ Phan vÃ¢ng cÃ¡i gÃ¬ t Äƒn Ä‘c mÃ  m cháº£ Äƒn Ä‘c tháº±ng lol
train_zvpjglqwvc|Äá»™ng cháº¡m vl - _ -
train_chbjpcudyf|CÃ´ dÃ¢u khÃ³ á»Ÿ vl :)
train_drlacityaz|Nguyen HongNhung cdcm =) táº¥u hÃ i vcl
train_deecphyuhg|Do Thu Phuong Ä‘m Ä‘au vl
train_rjwugpgupn|SiÃªo NhÃ¢n Ä‘km bÃ¬nh luáº­n khÃ©t vl :)
train_shriwagmck|MÃ´i dáº§y Ä‘áº¹p vl =)
train_odswxbbwbm|VCL :)
train_arnkmxtauz|Äm tá»™i TÃ¹ng SÃ³i vl
train_tachchnahl|T nÃ³i tháº­t Ä‘Ã©o sá»£ choai choai sá»£ máº¥y con chÃ³ chá»— tao thÃ´i
train_vxkkyiaivf|nÃªn biÃªt thÃ¢n biáº¿t pháº­n xÃ­u Ä‘i Ä‘á»“ chossss
train_xauapilofx|Ämm tin ngÆ°á»i vl
train_cfegpmbcwd|C2 , 3 gáº·p suá»‘t :) ngÃ y xÆ°a cÃ²n kiá»ƒu Ä‘eo hiá»ƒu n nghá»‹ch czi sá»£ Vl
train_zuimjbbhsm|Máº¡nh Nam má»›i sÃ¡ng máº¥t vá»‡sinh vl
train_ffpvzsjefd|Bá»‹ há»› nhiá»u rá»“i :) Ä‘m cay vl
train_ttpcbwwjaq|Äm tháº¿ nÃ y mÃ  báº£o báº©n . Báº©n Ä‘Ã¢u ? To xá»‹n vÃ£i cl tháº¿ mÃ  chÃª
train_lorphwzxef|Ná»©ng ? ? :v
train_bqxjecunlo|Chung HoÃ ng sáº¿p cÃ³ khÃ¡c nÃ³i lol gÃ¬ cÅ©ng thÃ nh chÃ¢n lÃ­
train_anhlkrkwnt|You sÃºt Ä‘ai :v Ä‘uá»¹ choÃ¡
train_grnvyotzes|ÄÃ³ lÃ  hÃ´m t hÃ¢m nháº¥t . . . buá»“n vl :(
train_jmujgumaqt|NgÃ¡o cáº§n vl :(
train_cknheuahpf|Phá»Ÿ Cuá»‘n Ä‘iÃªn vl ! E Sá»£ giÃ¡n vl ra cÃ²n trend
train_ltbqlxtafw|hÃ ng vá» bá»• sung , . sá»¥c Ä‘i mÆ°a , sá»¥c ná»™i nÆ°á»›c . giÃ¡ ráº» tá»¥t lol <URL>
train_mfnwhpjwaz|Dcm Ä‘Ã¡ nhÆ° máº¥y thg áº¥t Æ¡ ngÃ¡o ngÆ¡ vl
train_bpiqmpqeni|ÄÃ©o bh Ä‘á»ƒ mÃ³ng tay báº©n vl
train_trfyjnzuez|LÃ  Ä‘Ã©o chÄƒm chá»‰ há»c hÃ nh :(
train_lcnjdzbbdc|NÃ³ hay giáº­n giá»—i lÃ©m . Dm pháº£i tÃ¬m Ä‘á»§ má»i cÃ¡ch trá»c cho nÃ³ cÆ°á»i . Gáº¡ Ä‘i Äƒn mua Ä‘á»“ cÃ¡c kiá»ƒu . MÃ©o hiá»ƒu xao . LÃºc xau nÃ³ cÆ°á»i nhÆ° con Ä‘iÃªn . Haha . xl
train_majoanxrze|Äm cÃ¡i tháº±ng thÃ¡i má»¹ ngá»c tao Ä‘ang Äƒn cÆ¡m mÃ  Ä‘á»c cmt cá»§a mÃ y tao cÆ°á»i vl phá»¥t cáº£ cÆ¡m ra ngoÃ i :) ngÆ°á»¡ng má»™ mÃ y vl
train_bojtqdfcvx|VÃ²ng Kim Phá»¥ng tr Æ¡i chÆ¡i vá»›i m . nhiá»u v mÃ  ngu hoÃ i Ä‘á»ƒ m . chá»­i Ã  kakaka
train_rjaudxueco|Linh LouÃ­aÄ‘m hung hÄƒng vl
train_musbtdefto|Tráº§n Báº£o Ngá»c Ä‘Ã©o dm tráº©u vl
train_hebxcibccy|Tráº§n Lá»£i 8 phÃ¡ dá»©t Ä‘iá»ƒm cá»§a barca nÃ³ sÃºt 5 khiáº¿n táº¡o 3 m cÃ²n muá»‘n Ä‘Ã©o j nx thg ngu
train_vxrjbitgir|Haha chim th kia to vl
train_wklhzlzabz|Shen buá»“n á»‰a vl
train_tchpfbbgps|Lá»— Ä‘ * t hÃºt cá» siÃªu nhÃ¢n Ä‘á»
train_qnjurbdnim|Nguyá»…n ChÃ­ Phá»¥ng <URL> ChÃ­ Phá»¥ng . Tháº±g nÃ o chá»n ngu tao chá»­i
train_kpfhegzdzo|Mai Chi do Barca ngu thÃ´i chá»© cÃ²n ajÃ£lÃ  Ä‘en vl
train_fonshechdw|Cá»¥c sÃºc vl :)
train_ljhfgmldgl|ÄÄ© máº¹ Ä‘Ãºng vl
train_fuqsxjhuay|Äanh Ä‘Ã¡ vailon Ä‘umami :(
train_kmojwhytqr|BÃ² ko Äƒn cá» bÃ² ngu . Tháº±ng nÃ o like áº£nh cÃ²n ngu hÆ¡n bÃ²
train_cicsmtgyen|dm neu ngoai tih cho cháº¿t luÃ´n di
train_dstdlpepkk|Dm tráº» trÃ¢u vl
train_rbxyqjxzuy|Äm cÃ¢u View vl
train_rdbhdkwwok|vÃ¬ mÃ y xáº¥u há»i ngá»§ vl
train_fvkhnbrvna|TÃ´i gÃ¬ pháº£i dáº¡y dá»— cÃ¡i lÅ© Ä‘u cÃ ng . Ä‘á»ƒ thá»i gian vá» vuÃ´t ve con ki cho nÃ³ mÆ°á»£t lÃ´ng .
train_prggqpicoz|MÃ¹ng 1 Ä‘en vcl
train_aeikqevdgt|Liá»…u Lam Lam Ã´i Ä‘m . Tao cÅ©ng tháº¥y mk Ä‘áº¹p vl
train_akkngmqrqa|Há»“ng NgÃ¡t Dm , cá»©u t , hÃ i vl :)
train_qgnfanfkev|100 tháº±ng Ä‘Ã n Ã´ng ra Ä‘Æ°á»ng cÃ³ bá»“ k bao giá» bá» vá»£ con . . 1000 phá»¥ ná»¯ ra ngoÃ i cÃ³ bá»“ cháº¯c cháº¯n bá» chá»“ng Ä‘á»§ 1000 . Bá»Ÿi vÃ¬ Ä‘Ã n Ã´ng ra Ä‘Æ°á»ng mÃ©o cÃ³ gáº·p dc Ä‘á»©a nÃ o tá»‘t hÆ¡n con vá»£ o nhÃ  . CÃ²n phá»¥ ná»¯ ra Ä‘Æ°á»ng cáº£ Ä‘á»‘ng tháº±ng tá»‘t gáº¥p 10lan tháº±ng chá»“ng o nhÃ  . . Phá»¥ ná»¯ cÃ³ xinh cÃ³ Ä‘áº¹p cÃ³ hiá»n ngoan hay k lÃ  do á»Ÿ tháº±ng Ä‘Ã n Ã´ng ! ! . Nguá»“n : coppy <URL>
train_bzwkfzwevh|Äm ! ! ! HÃ£o huyá»n vl ! ! ! ğŸ™ƒ
train_rbkuynkhpf|Haha Äáº·ng Minh Hiáº¿u shared a post . <URL> Tai to Má»“m záº©u . Tá»• Ä‘Ä© gá»i tÃªn em ğŸ“£ ğŸ“£ . # TaitoMomzau
train_xnajpxdsji|Nguyá»…n Nam Anh Äm dá»—i vl =)
train_nvuyhibhts|ThÃ¡y mÃ¬nh ngu vl
train_yksqdtntad|CÅ©ng chá»‰ lÃ  Äƒn cáº¯p cháº¥t xÃ¡m tá»« ngÆ°á»i khÃ¡c , chá»© cÃ³ mÃ©o gÃ¬ Ä‘Ã¢u mÃ  giáº¥u nhÆ° mÃ¨o giáº¥u shit . áº¾ quÃ¡ chÆ°a ai má»Ÿ hÃ ng nÃªn tÃ¢m tráº¡ng 1 chÃºt . Phuc Tran Ã­at NC Bikáº»Shop . <URL>
train_vbfkndncqg|Há»¯u Thiá»‡n Ä‘m cay vl
train_xeayeanuye|Ä‘Ã©o pháº£i cÆ°á»i Ä‘á»ƒu . . . ká»‡tao . tao cÃ²n chÆ°a Ä‘á»§ khá»• Ã  mÃ  m cÃ²n cÆ°á»i vÃ o máº·t tao <URL>
train_jwtfgrrgrc|Sao tao sá»£ máº¥y tháº±ng Nono vl Ä‘jtconme
train_zisikzvxda|ChÆ¡i chÃ³ vl Vuu Bich Báº£o DuyÃªn
train_eecelxoeam|HoÃ ng Chinh Ä‘m , dá»… sá»£ vl !
train_pusesvnkss|Nguyá»…n VÄƒn Trung thá» , má»“m m thá»‘i vc ,
train_zkwmfdpqwi|Trung QuÃ¢n Ä‘m vl :)
train_plojjatghg|Tráº§n CÃ´ng Nháº­t ChÃº mÃ y Ä‘Ã©o biáº¿t Ä‘Ã¹a Ã  , nghiÃªm tÃºc vÃ£i lol :)
train_iinnktanut|MÃ­t Äá»t hÃ¢m giá»‘ng mÃ y vl
train_bnsbfnrxwv|DiÃªn VÄ© :) Ä‘mmm ! CÆ°á»i vcl
train_nwpjusxhom|ThÃ  tao Ä‘á»ƒ cá»¥c cá»©c lÃªn máº·t chá»© Ä‘Ã©o Ä‘á»ƒ con giÃ¡n Ã¡m áº£nh vl
train_smvwkslvij|BÃ¬nh Nguyá»…n dit xem láº¡i váº«n khÃ³ chá»‹u vl
train_esprydrypr|Ã‰o = ] ] ~ t Ä‘ang gáº·p vÃ  tháº¥y tá»Ÿn vl
train_gxrbjybmio|Niel giá»‘ng lz ÄÃ©o vl
train_qwriujjcjz|Máº¥t máº·t vl :)
train_hrmkmclwps|Náº¿u em cáº§n má»™t káº» cÃ³ thá»ƒ sáºµn sÃ ng cháº¿t vÃ¬ em , thÃ¬ anh thá» vá»›i ChÃºa ráº±ng anh khÃ´ng pháº£i tháº±ng ngu Ä‘Ã³ ğŸ¤ª <URL>
train_grciylzjjf|ÄÃ©o ngá»§ Ä‘Æ°á»£c cay vl
train_vpkgxrvwvb|cÃ³ máº¥t mÃ¡t gÃ¬ cua nhÃ  nÃ³ Ä‘Ã¢u mÃ  khÃ´ng cÆ°á»i chá»© . Chá»‰ khá»• dÃ¢n ngu cu Ä‘em thÃ´i
train_rzrkmzfriq|Æ  buá»“n cÆ°á»i . MÃ©o quen nhau . CÃ´ lÃ  ai cÃ´ Ä‘i ra Ä‘iiii Trang ChoÃ nh Ã­with DÆ°Æ¡ng Thá»‹ HÆ°á»ng .
train_uilfdeejqt|Video k giÃ nh cho ngÆ°á»i máº¡ng lag . Cay vl
train_kstkwftwri|ÄÃ©o biáº¿t nÃ³i gÃ¬ ná»¯a . . . cá»© váº«n pháº£i cmt . . . nháº¡t vl !
train_lcgmozgxiu|T11 vl . áº¾ sml
train_zkjfemhfpc|CÃ¡i lá»“n Ã  ing Ä‘áº§u vl Ä‘mm
train_wkflzqdpor|NghÄ© tá»›i thÃ´i Ä‘Ã£ tháº¥y hÃ£m . Sá»‘ng trÃªn Ä‘á»i Ä‘á»«ng cÃ³ tá»± cao tá»± Ä‘áº¡i . VÃ¬ cuá»™c sá»‘ng nÃ y Ã©o cÃ³ ai ngáº¡i ai Ä‘Ã¢u Thy Yen updated háº»profile picture . <URL> Thy Yen
train_jmavsjnqcj|Tráº§n Thanh Háº¡ng Ä‘au Ä‘Ã­t vl :)
train_vpkqyssdth|tÃ¨o sÃºt cháº¥t vkl
train_wetusqpthb|riÃªng t tháº¥y nÃ³ tá»Ÿm vl
train_warhufmhre|Miá»‡ng tao nÃ¨ ğŸ™‚ Ä‘ biáº¿t nÃªn vui hay buá»“n Bong Kim
train_uhlfmuocmp|Mai Ngá»c ThuÃ½ dcm cÃ¡u vl =)
train_zlqhdzqnlh|Tá»‡vl =)
train_mqrfbdkoeo|Háº£i Nguyá»…n tá»Ÿm vl huhu
train_oojfqcjcxn|CÃ¡i lá» gÃ¬ thá»‘n . . ! ğŸ˜± ğŸ˜± ğŸ˜± . Äm . Thá» . Sá»£ cÃ´n trÃ¹ng vl
train_uwvxpwfrjb|Nguyá»…n HÃ  Ä‘Ã¹ mÃ© báº¡n . . . . Bao h di phÃ©p 2019
train_wjhebndlni|VÃ´ há»c , Ä‘á» nghá»‹ cáº¥m Ä‘á»‘i vÃ ng mÃ£ nÆ¡i cÃ´ng cá»™ng , vui chÆ¡i , giáº£i trÃ­ .
train_oaojmjbprj|d m lá»i nhÆ° Ä‘á»“n :) giÃ u quÃ¡ khá»• vl : V
train_gvxrirlrws|Äm . Con ma nháº¡t vl .
train_tlegpihtcq|Ngu ngá»‘c vl Ä‘Ã£ xáº¥u tÃ­nh cá»c vl
train_cpvzghirym|ThÃ  lÃ  k cÃ³ chá»© mÃ  cÃ³ cÅ©ng Ä‘Ã©o ai crush ğŸ™‚ nhá»¥c nhÃ£ vl
train_dmzoiadlfo|Äm mÃ¬nh báº£n lÄ©nh vl =)
train_ouhbrmvsmy|- thÃ¬ mÃ y cÃ³ khÃ¡c gÃ¬ tao Ä‘Ã©o Ä‘Ã¢u
train_ulkwtydfxj|VÆ°Æ¡ng Niá»‡m Ä‘á»‡t :)
train_ptodzbfnqc|á»§a Ä‘Ã©o hiá»ƒu ná»•i sao mÃ¬nh ngu ngu
train_bytvylltad|stan Loona =) sá»Ÿ thÃ­ch ad giá»‘ng mÃ¬nh vl cÃ­u =)
train_gbfaeykqrh|NgÃ  NhÆ° Ä‘Ã³ng cá»©t nhÃ¬n gÃª vl
train_bnkxqmemzs|Ui rá»“i nÃ³ chá»‰ chá»­i sÆ°á»›ng má»“m nÃ³ kon Ä‘Ã¢u ká»‡
train_eubkottheb|ÄÃ¡ thÃ¬ ngu bÃ y Ä‘áº·t vl
train_enputzeled|Buá»“n lol tao Ä‘Ã©o buá»“n nhÃ©
train_pcbccvbdvw|ChÃº CÃ³ ChÆ¡i Äá»“ KHÃ”NG mÃ  NC ngÃO nGÃ¡o Váº­y :D Thanh Tan Nguyen Ã­feeling determined .
train_mxnrnruhjr|Äá»©a con gÃ¡i ngu nháº¥t lÃ  khÃ³c vÃ¬ tháº±ng Ä‘Ã n Ã´ng ngu Ä‘áº¥y ( ( :
train_vldajvylks|Ã‰o ai quan tÃ¢m chuyá»‡n Ä‘Ã³ Ä‘Ã¢u nhÃ© , báº­n rá»™n vs viá»‡c Ä‘áº¥t cÃ¡t rá»“i
train_akyhztcxxv|NÃ³i bao láº§n rá»“i , tao ko pháº£i máº¹ chÃºng mÃ y , nÃ¡t háº¿t VÃº tao rá»“i huhuu <URL>
train_yxmvgtjbdi|LiÃªm ThÃ nh Nguyá»…n Ä‘m con Ä‘áº§u giá»‘ng m vl
train_qgjjymcecz|Cuá»™c Ä‘á»i tao Ä‘Ã©o cáº§n gÃ¬ háº¿t . . ko cáº§n nhá»¯ng ai chÃ  Ä‘áº¡p tao . . . . . . . <URL>
train_lbxzposxqg|LÃ m thá»‹t chá»© lÃ m cÃ¡i lol gÃ¬ ná»¯a . Há»i ngu vkl
train_yworblcayn|Dm nhÃ  a nghÃ¨o vl
train_ogiresmoaf|báº£n cáº­p nháº­t má»›i ghÃ©t vl :)
train_hzcvljnnqb|Nguyá»…n Kháº¯c ThÃ nh dkm . =)
train_whlyntpcxu|UÃ´ng Linh kinh vl
train_drzjwuggsq|Äáº·ng Thá»‹ NhÆ° Ã . á»ª , Ä‘á»«ng ngu e ngen
train_lhmsayyyvk|Niá»m vui lÃ  khi báº¡n áº¿ vÃ  tháº±ng báº¡n báº¡n cÅ©ng tháº¿ . . Ã€ mÃ  Ä‘Ã©o ğŸ˜ ğŸ˜ ğŸ˜ Nguyá»…n Äá»©c Thiá»‡n Ã­with Quá»³nh LiÃªn . <URL> PhotÃ³from Nguyá»…n Äá»©c Thiá»‡n ' s post
train_uvetoorfqx|Vá» vuÃ²n Ä‘i Ã´ng sÃ³m nghá»‰ Ä‘á»ƒ dÃ¢n Ä‘Ãµ khá»• vÃ¬ phÃ¡t ngÃ´n ngu nhu Ã´ng
train_ejrxqilbxt|NÃ³i chuyá»‡n ngu loz bá»‹ chá»¯i Ä‘Ã¡ng vl
train_xwaaxzkvdn|Äm ad hÃ i vl :)
train_qmfviwhhpl|LÃ  cÃ¡i dell j mÃ  á»“n áº§m lÃªn ğŸ¤” ğŸ¤” ğŸ¤” ğŸ¤” Tráº§n Sá»¹ TÃ i <URL> Xamf . . Ãm áº£nh vl
train_lbftqxjvvh|1 khi Ä‘Ã£ mua Ä‘c xe nÃ y thÃ¬ bá»n nÃ y pháº£i giÃ u vcc rá»“i , nÃªn nhÃ  nc láº¥y thÃªm x2 Ä‘Ã£ lÃ  j vs há»™i nhÃ  giÃ u
train_fozveinmsq|NgÆ°á»i Ta lá»›p 10 4 vá»£ 5 con . MÃ¬nh thÃ¬ Ä‘Ã©o máº£nh tÃ¬nh nÃ o :) <URL>
train_vipycfwfcv|Nguyá»…n TuyÃªn haha , á»‹t oáº¹ , xem á»©c cháº¿ vl
train_dsygbwvgfx|ÄÃ©o cÃ²n sá»©c hÃºt , tháº­t lÃ  VL
train_yvtvnyzwly|ChuyÃªn gia LÄ©nh phÃ¡n ! QuÃªn cmnÄ‘i ! ! ! ChÃ¡u gia cÃ¡t dá»± Ä‘Ã¢y rá»“i ! ! !
train_ammkuaxhey|Äm tÃ­nh tui ká»‡tui
train_gzcuynmrrq|NgÃ¢n TÃ½t lÃ¡o láº¿u vl
train_unohycafzt|Linh Pháº¡m Ä‘Ã¡ng cháº¿t vl
train_yhdglqlavz|Bá»¯a Ã´ng trump qua Viá»‡t Nam , tao má»›i láº¥y ra rá»i vÃ´ ngÆ°á»i á»•ng cÃ³ 1 cÃ¡i mÃ  giá» váº«n cÃ²n náº±m truyá»n mÃ¡u trong viá»‡n , tá»¥i an ninh cá»¥c sÃºc vl
train_hrxavvfwlb|Bá»‘n con ngu vl ra
train_zhiwbdflmy|deo hieu kieu gi =) chim muong vl :( ca ngay chi an vs di cmt dao ma
train_vbkaudmxxi|Tuong Nguyen moa mÃ i kao mÃ©o cáº§n mÃ i Æ°a nha nha then on tÃ³
train_igjxlahahh|Biá»ƒu diá»…n thá»i GIAN xuyÃªn khÃ´ng nha káº­u Æ¡i :) . . CÃ²n tá»¥i tá»› cÃ³ nulo ko thÃ¬ ká»‡condime káº­u chá»© ahihi <URL>
train_zvihoxzqko|Äcm náº£n vl :(
train_lwhmnqnmlt|CÃ³ cl Ã¡ tin ng vl
train_jzmjtqndac|Ä‘Ã©o cÃ³ tiá»n ngáº¡i yÃªu vl
train_vuqcxbvemr|=) sá»± tháº­t lÃ  t vá»›i nÃ ng cÃ³ 1 má»‘i tÃ¬nh Ä‘áº¹p láº¯m . yÃªu nhau 2 tuáº§n , cuá»‘i cÃ¹ng chia tay cÅ©ng chá»‰ vÃ¬ tao báº­n Ä‘i nháº·t thÃ­nh trong khi nang Ä‘ang bá»‹ tháº±ng khÃ¡c báº¯n sml mÃ  Ä‘Ã©o ai cá»©u .
train_gvcstpxwhi|Con ÄÃ² NÃ¡t dcm . TÃ´i tÆ°á»Ÿng Ã´ng ra lÃ­nh lÃ¢u r mÃ  váº«n Ä‘c sá»­ dá»¥ng áº£nh cÆ¡ mÃ 
train_sdnwjlkdjd|NÃ³ hay giáº­n vl . Äang giáº­n nÃ y - . - lÃ¢u háº¿t vl hmmm
train_focrttrdwk|Äá»©c ToÃ n Nguyá»…n Äm thÃ´ vl
train_xyqtifbxsb|Ngá»c HÆ°ng Ä‘km :) tháº³ng tháº¯n vl
train_dkviguwxfu|Viá»‡t LÃ¹nM tiá»n nhiá»u gáº¥p 20 láº§n thÃ¬ Ä‘áº§u tÆ° vÃ o lá»±c lÆ°á»£ng cho Ä‘á»™i hÃ¬nh cÃ³ chiá»u sÃ¢u Ä‘á»ƒ lÃ m cáº£nh Ã  mÃ  nÃ³i ngu tháº¿
train_kpzvfzioob|ÄÃ o Quá»³nh Trang sáº¥u vl
train_pcuayxmhmf|ThuÃ½ Vy <URL> When I ' m Sad . Ngá»«i iu tui bá»‘ lÃ¡o vl
train_vcfzcjwpqu|Nguyá»…n ÄÃ¬nh Anh tá»Ÿm vl =)
train_pshtslgfqu|Quay ngu vl chá»‹u
train_sbxsyjywof|Giaa Linhh tá»Ÿm vl
train_wwyvgtwgsu|Kim Loan m vui Ä‘i tao Ä‘áº¡p m trÃº m chá»­i thá» nÃ¨
train_gefyfaijeh|Dm k tá»­ hÃ¬nh hÆ¡i phÃ­
train_wlmwvyukid|Hiáº¿u Long Ä‘m láº§n mÃ² vl
train_wmjnhpphny|Äm á»©c cháº¿ vl :)
train_yltdbgjirl|CÆ°á»i vcl =)
train_clwrixacnx|Thanh Vy Ä‘m thÃ¨m vl
train_rwmkmxegcv|VÃ¬Anh LÃ GiÃ³ vkl :)
train_tgbkevrzwi|dm nÃ³ ra luÃ´n Äinh Trung Äá»©c Äá»©c Ã­with Linh Ah and 5 others . <URL> PhotÃ³from Äinh Trung Äá»©c Äá»©c ' s post
train_yfboumjlcw|ÄÃ¹a chá»© nhÃ¬n tay nhÆ° nÃ y báº©n vl
train_gqmpespctn|ThÆ°Æ¡ng 1 ng Ä‘Ã©o thÆ°Æ¡ng mÃ¬nh . . . . cc cÃºt
train_cdijyiwugt|Tao chá»© Ä‘Ã©o Ä‘Ã¢u vkl :)
train_rtoxrwiqmp|Ngon bá»• l * * gÃ¬ Ä‘Ã¢u mÃ  cá»© thÃ­ch Chu KhÃ¡nh Linh <URL> Tuyá»‡t Vá»i . Báº¡n Æ¡i xin Ä‘á»«ng Äƒn thá»‹t chÃ³
train_nmpskdgmis|Cc gi v ?
train_iizsmudxsn|ChÃºc rá»“i mÃ  nÃ³ chá»‰ : Uk mÃ  k chÃºc láº¡i tao . Z lÃ  hiá»ƒu rá»“i . . . . . nÃ³ Ä‘Ã©o thÃ­ch tao ğŸ˜ ğŸ˜ ğŸ˜
train_spjqmaytsb|Äm . Äi Ä‘eo chá»‘ng chÃ¢n Ä‘Æ°á»£c . Bá»‹ dáº­p cmn . . . bÃ­m . . . ğŸ˜‚ ğŸ˜‚ ğŸ˜‚ thá»‘n vl
train_swvjhbxxwi|Tháº¿ mÃ  mÃ y cÃ³ nhá»› tao Ä‘Ã©o Ä‘Ã¢u :(
train_yzkvwzvgxr|CÃ¡u vl :)
train_bizcnkhluu|Nguyá»…n VÄƒn Tháº¯ng vÄ‘ . Láº¥y lá»­a thieu di
train_yaqyrppvfr|Rá»“ng Lá»™n cáº·c :v
train_aknimlwrxn|Chá»‹ch á»‰a chá»‹ch Äƒn :) kinh khá»§ng vl
train_vlizscvcip|true . Äm nháº¡t vl luÃ´n :)
train_moswopdbvb|ÄM sá»£ vl :(
train_htjihrrllt|Ngá»c PhÃº Ä‘á»¥ máº¡ mÃ´ng Ä‘Ã£ vl
train_yzptqzjotl|dm nÃ³ láº¡i chuáº©n vl :)
train_zsmazjxlkq|Dm deo hieu sao t nhin nhieu lo so vl ğŸ˜«
train_hhacgiqvww|ÄÃ£ ngu mÃ  khoe vl
train_lowjazlzyr|KhÃ´ng cÃ³ ny cáº­p nháº­t lÃ m Ä‘Ã©o gÃ¬ thá»«a vl
train_yryuqrujur|Äm =) LÃ½ Nguyá»…n shared a post . <URL> Tai to Má»“m záº©u . Tá»• Ä‘Ä© gá»i tÃªn em ğŸ“£ ğŸ“£ . # TaitoMomzau
train_kzrelwuvay|ÄÃºng á»i mÃ¡ t láº¡i cay vl ra :)
train_nyzhdjyypu|thÃ¬ quÃ½ trá»ng t Ä‘i chá»© cÃ²n Ä‘Ã©o gÃ¬ ngu Ã  ?
train_mgeolwccih|Äm ná»•i da gÃ  vl
train_dxdnqgagsq|dm nhÃ¬n láº¡i thá»‘n vl
train_hwixynroho|Thá» , Ä‘m khÃ³ vl :)
train_wzmzugtkwb|Tá»« khi ct chÆ°a tá»«ng gáº·p láº¡i mÃ  cÅ©ng Ä‘Ã©o muá»‘n gáº·p :)
train_rwnagdjwsm|LÃ½ Mai dÃ¡i mÃ­t non vc sáº§u riÃªng
train_lgzporgthq|Thanh TÃ¹ng Ä‘m dariÃºÄ‘i top vs Khan Ã  . Tá»™i nghiá»‡p vl :)
train_ixqeuwabau|Tráº§n Thu Trang Ä‘m hÃ i vl
train_kocxfyyrgv|BÃ¬nh BÃ©o Ä‘mmm quÃ¡ Ä‘Ã¡ng vl =)
train_brbcqtkkba|HÆ°ng Háº¡i NÃ£o báº©n vl
train_viwbpjyjyy|NhÃ¬n kinh vl :)
train_doqpmmvrnw|Muá»‘n lÃ m gÃ¬ cÅ©ng bÃ n tá»›i bÃ n lui . . . R Ä‘m dell ai tÃ¡n thÃ nh . T cÅ©ng pháº£i sá»‘ng cho t mÃ  . Má»‡t má»i láº¯m rá»“i nha Há»“ng Huá»‡ Ã­feeling drained .
train_fclsumvsif|Giá»‘ng má»› rÆ¡m vkl ğŸ˜€
train_hitwxiqscj|Tháº¡ch Phan ai Ä‘Ã¢u ráº£nh :) . NhÆ°ng thÃ´i cÃ³ tao ráº£nh nÃ¨ . MÃ  Ä‘Ã©o chÃºc ahi
train_hijmyepoof|KhÃ´ng biáº¿t gÃ¬ nhÆ°ng váº«n thÃ­ch phÃ¡n nhÆ° tháº§n . Láº¡ loz gke gom di dok :)
train_mxcffgfqmz|TrÃ­ MarÃ­chawcsd pháº£i Ä‘i kiáº¿m thÃ´i chÃ³ ngu Æ¡i :(
train_axzozjbute|Äá»¥ ad sáº½ thÃ nh fan cá»©ng
train_zqpxwkaveg|xa Ä‘Ã©o gÃ¬ ngu vl
train_ztdofexggg|Ämmm cuteÃªvl , nhÃ¢y vl
train_motbslmcrt|Phá»¥ huynh luÃ´ng chiá»u con quÃ¡ cháº£ khÃ¡c nÃ o giáº¿t con . thÃ¢y cÃ´ giÃ¡o lÃ  ngÆ°á»i trá»±c tiáº¿p dáº­y dá»— cÃ¡c e , cÃ¡c e sai , máº£i chÆ¡i , cÃ¡c tháº§y cÃ´ nháº¯c mÃ£i ko Ä‘c thÃ¬ cÅ©ng pháº£i cÃ³ biá»‡n phÃ¡p ká»· luáº­t Ä‘á»ƒ cÃ¡c e dÃºt kinh nghiá»‡m , má»¥c Ä‘Ã­ch cÅ©ng lÃ  tá»‘t cho cÃ¡c e , há»c táº­p tá»‘t hÆ¡n . ( rá»“i Ä‘Ã¢y tháº§y cÃ´ giÃ¡o trong máº¯t hs hÆ° lÃ  gÃ¬ ? Ã”i dÃ o , tao Ä‘Ã©o cáº§n há»c , tao cá»© cÃ£i Ä‘áº¥y , tháº§y lÃ m gÃ¬ Ä‘c tao ? Ä‘á»‘ dÃ¡m lÃ m gÃ¬ tao Ä‘áº¥y , chá»‰ cáº§n tao mÃ¡ch bá»‘ tao , Ã´ng tháº§y cháº¿t luÃ´n . . . . .
train_cclcoteoxr|KhÃ´n nhÆ° Ã´ng náº§y quÃª em nhiá»u láº¯m Tráº§n VÄƒn Äá»‹ch <URL> Clip Vui . Keo gÃ¬ mÃ  keo dá»¯ váº¡i mÃ¡ . . . Keo háº¿t pháº§n nhÃ  ngÆ°á»i ta , khÃ´n nhÆ° mÃ y quÃª tao Ä‘áº§y nhÃ© :)
train_ienqikujod|cá»¥c cá»©c giÃ²n thÆ¡m bá»• dÆ°á»¡ng
train_optdjyzrwo|Huá»³nh Nguyá»…n Ä‘m mÃ y Ä‘iÃªn rÃ¹i phi thuyá»n lÃ  cá»§a phi hÃ nh gia bay trÃªn trá»i , du thuyá»n má»›i duá»›i nc ngu Ã 
train_epnaxaiqpp|Ná»©ng vl =)
train_awfumbhpsa|CÃ¡i Ä‘Ã©o gÃ¬ mÃ  sáº¿n vl :)
train_govbofjxtk|Anh chim khá»‘n náº¡n vl :)
train_xmmeqbgzvz|Nháº£m vkl :)
train_fcsepxgoqp|ÄiÃªn . CÃºt cÃºt cÃºt
train_fixsjxwfad|NguyÃªn Tráº§n Ã¨oÃ´ , nguyÃªn gu láº¡ vl Ã¨ooo
train_yhykfugjuo|vui cc j . má»‡t vl .
train_mdifbowkai|Váº«n Ä‘ Ä‘c chÃ¡n vl
train_hviwukfkch|Trung nghe Ä‘au Ä‘Ã­t vl . . .
train_jtsffkrbai|Sá» ti ngÆ°á»i yÃªu trÃªn lá»›p . Wtf men
train_zqrcxazpjc|Táº¥t nhiÃªn lÃ  cá»§a ng tao thÆ°Æ¡ng r há»i ngu vkl :)
train_kzkculmojd|á»¦a Trangg ÄiÃªn <URL> LÃ£ Háº£i Anh . ÄÃ©o cÃ³ gÃ¬ lÃ  mÃ£i mÃ£i . Äá»i nÃ y lÃ m Ä‘Ã©o cÃ³ tÃ¬nh yÃªu vÄ©nh cá»­u . 1 láº§n lÃ  nhá»¡ tay nÃ³ng giáº­n . 2 láº§n lÃ  thÃ³i quen . 3 láº§n trá»Ÿ lÃªn nÃ³ thuá»™c vá» báº£n cháº¥t . TÃ´i sá»£ con ngÆ°á»i anh . Váº» ngoÃ i Ä‘áº¡o máº¡o nho nhÃ£ áº¥y . NhÆ°ng khi á»Ÿ nhÃ  anh lÃ  1 con thÃº Ä‘á»™c Ã¡c tÃ n nháº«n khÃ´ng chÃºt tÃ¬nh ngÆ°á»i . Nhá»¯ng lá»i anh buÃ´ng ra . Nhá»¯ng tráº­n Ä‘Ã²n cá»§a anh . CÃ³ cháº¿t tÃ´i cÅ©ng ko bao h quÃªn . ÄÃ n Ã´ng kÃ©m cá»i ko Ä‘Ã¡ng trÃ¡ch . NhÆ°ng Ä‘Ã£ báº¥t tÃ i láº¡i cÃ²n vÅ© phu bá»™i báº¡c thÃ¬ anh khÃ´ng bh xá»©ng Ä‘Ã¡ng lÃ  1 tháº±ng Ä‘Ã n Ã´ng
train_updsknyvvt|ÄÃ©o nhÃ© :) tÃ¹ vl
train_yvhrpfnqyn|:( TrÆ°Æ¡ng Nháº­t My shared a post . <URL> Don ' t care . cÄƒn báº£n lÃ  ko chÆ¡i bá»i gÃ¬ nhÆ°ng mÃ  cÅ©ng cÃ³ há»c Ä‘ ' Ä‘Ã¢u mÃ  cháº£ ngu =)
train_egufzcbsaj|Má»‡t cÄ‘g , tao Ä‘Ã³i vl ğŸ˜“
train_gqvpsimbyn|Kiá»u MÃ¢y cáº·c . Äáº¹p vl
train_pxzliplpio|Äá»«ng quÃ¡ tá»± cao . . . Äá»i Ä‘Ã©o ai ngÃ¡n ai Ä‘Ã¢u <URL>
train_cgfxnagabu|Gá»t xoÃ i Ä‘iÃªu vl , dÃ y vcl = ] ]
train_lftngstcoi|CÃ¡i loáº¡i con ngÆ°á»i biáº¿t nháº­n chá»© Ä‘Ã©o biáº¿t tráº£ . . . :)
train_rxjmvotgaf|T Ä‘ang sá»£ t Ä‘Ã©o pháº£i con gÃ¡i ğŸ™‚ vl
train_nzkyhqrgwm|Háº£i PhÃ²ng lÃ  Ä‘Ã©o thÃ­ch lÃ²ng vÃ²ng nhe ğŸ˜ ğŸ˜ ğŸ˜ Tita ÄÃ¬nh <URL> NGÆ¯á»œI SÄ‚N TIN ÄEN . Háº£i PhÃ²ng thÃ¬ Ä‘á»«ng há»i nhÃ© : . . Anh Æ¡i ! CÃ³ gÃ¬ thÃ¬ tá»« tá»« thÃ´i anh Æ¡i . . . ! ğŸ˜” ğŸ˜­ ğŸ˜­ ğŸ˜­ khá»• thÃ¢n quÃ¡ ğŸ˜­ ğŸ˜­ . . P / S : Vá»¥ viá»‡c diá»…n ra lÃºc 15 giá» ngÃ y 4 . 5 , táº¡i ngÃµ HoÃ ng QuÃ½ ( Q . LÃª ChÃ¢n , TP . Háº£i PhÃ²ng .
train_tfpjpmdper|LÃºc Ä‘Ã³ chÆ¡i ngu vl
train_wpqseyjemk|Ã€ k do m ngu áº©u vl
train_qsfggixxas|á»ª thÃ¬ tao khÃ´ng báº±ng ai . . á»« thÃ¬ tao lÃ m cÃ´ng nhÃ¢n Ä‘Ã³ thÃ¬ sao . . . mÃ y giÃ u thÃ¬ giÃ y ká»‡cmm . . ok <URL>
train_yltsuqsxir|VN nhiá»u chÃ³ chÃ³ chÃ³
train_zxnrnjmgbu|dÃ©o hoÃ nh trÃ¡ng báº±ng phÃº le
train_oynbxiesxq|Ä‘m th Ã¡o tráº¯ng giá»‘ng tao vl :)
train_xafczehexg|ThÃ nh láº­p 1 nhÃ³m Ä‘Æ°a ace vÃ o bá» táº¡i fb . Chá»‰ vÃ o tk vÃ  k cÃ³ mua bÃ¡n j táº¡i nhÃ³m . ÄÃºng 18h05 sáº½ chá»‘t sá»‘ . K yÃªu cáº§u Ä‘Äƒg nháº­p link , k yÃªu cáº§u phÃ­ . Ai muá»‘n vÃ o nhÃ³m inbÃµÄ‘á»ƒ Ä‘k thÃªm vÃ o nhÃ³m . HÃ³ng thÃ¬ cÃºt vÃ  Äƒn trá»©g cÃºt Ä‘á»ƒ Ä‘k cÃºt
train_xxhimecwor|NgÃ¡t NgÃ¡t lon sá»‰ nhá»¥c vl hicc ğŸ˜•
train_igcnvwqodp|HÆ¡hÆ¡ Ä‘itme :v
train_exifehqksg|Tuyáº¿t Nhi vl . . .
train_plmnmzwpwz|Nguyá»…n Thá» Ars tháº¿ cÃ¡i máº·t chÃ³ m k há»c lcs Ã  bÃªu trÆ°á»ng Ã  tháº±ng ngu ğŸ˜´
train_zfeefmlzqe|Máº¥y con nÃ y sÃ m vl
train_qjttoizyzy|NhÃ¬n ng * vl
train_eyytukgtqz|Ai tin thÃ¬ tin chá»› tao Ä‘Ã©o tin
train_kjhlznxlcl|VÄ© Khang Ä‘á»‡ck . . Hay vl zá»‹ . . =)
train_cdpmuovsiy|Lq AAA @ @
train_kfozxvqngw|ToÃ n the dm :( doi vl huhu :(
train_ndjfzvhkcu|Nháº¡c nghe báº¯t tai vl :v
train_rtbfjdcidc|KhÃ¡nh Thiá»‡u tháº£ sad cÃ¡i con chá»‹ mÃ y Ã  . Báº¡n mÃ y lÃ  chá»— mÃ y sad Ã 
train_vgtdwyamgt|Dark nc ngÃ¡o vl :)
train_qddtidmrxz|Äá»¥ máº¡ cmt dÃ© vkl
train_obejdjlkkl|MÃ¡ . NgÃ y xÆ°a chia tay vÃ¬ a viáº¿t sai chÃ­nh táº£ chá»© Ä‘Ã©o pháº£i nghÃ¨o
train_lmdnjxudcm|Hao Pety cÃ³ cáº·c . gÃ  vl
train_idvtvyotkr|LÃ²ng ngÆ°á»i khÃ³ Ä‘oÃ¡n ğŸ˜Œ , LÃ²ng chÃ³ khÃ³ nhai ğŸ˜ . # Ä‘m Ä‘á»i <URL>
train_fhkqayrhtk|HÃ¡ch dá»‹ch vcl =)
train_qfsjexpmzg|Nguyá»…n Há»“ Báº£o HÃ¢n giÃ u ngu lÃ  nhá»¯ng nhÃ  hÆ¡n khÃ¡ giáº£ tÃ­ thÃ´i , cÃ²n giÃ u nhÆ° RMIT thÃ¬ tÆ°Æ¡ng lai toÃ n GiÃ¡m Ä‘á»‘c chá»© ngu cmng :)
train_vwvqqhcgpu|Äm cÃ¢u chuyá»‡n tháº­t vl .
train_kjopfwllzb|Máº·t Ä‘iá»ƒu chÃ³ vl
train_sbrqzvxkkr|Mai Hiáº¿u NghÄ©a Ä‘Ã©o ai khÃ¡c ngoÃ i m . Ä‘m <URL>
train_kwbfoutfst|Ä‘me nÃºt fan cá»©ng oai vl
train_mbaelnivxk|Le Huy Náº¿u cá»© hÃºt cho nhiá»u cá» vÃ o thÃ¬ sao báº£o khÃ´g áº£o . Cá»© Ä‘á»£i Ä‘áº¥y , cs tá»¥i tao ngÆ°á»i nÃ y ngÃ£ ngÆ°á»i kia tiáº¿n lÃªn , ngÆ°á»i nÃ y khuáº¥t ngÆ°á»i kia lÃªn . Chá»© nhÆ° lÅ© ráº» rÃ¡ch chá»‰ biáº¿t bÃ¡m cÃ g , sá»‘g nhÆ° kiáº¿p con chÃ³ .
train_ndpomoanyg|Hiáº¿u Nguyá»…n bá»‹nh vl :)
train_kdssifszdh|Ngy t Ä‘i vá»›i t cÃ²n Ä‘Ã©o máº·c Ã¡o lÃ³t cÆ¡ =) bÃ¢y h thÃ nh cÅ© cmnr :(
train_dutuvvlqgz|ChÆ¡i v3 sÆ°á»›ng hÆ¡n v4 , Ä‘m v4 chÆ¡i chÃ¡n vl
train_muqfekriyn|Æ¡ Ä‘m vl :v
train_lfdcjflezy|kim Ä‘k lÃ m fan cá»©ng Ã¡ . . . vl
train_cozluwiqzz|Tuan Anh ThÃ´i cc li do vl .
train_rkkrdqdcgh|Há»“i xÆ°a trÃ´ng máº·t tháº±ng nÃ y ngu ngu . . <URL>
train_xnpwmutgyz|ÄÅ©y tiáº¿t kÃ©m sang vl
train_lyybugbptr|máº¥y con hÃ£m lá»“n dá»± bá»‹ vl
train_gnalrgmnrn|Duma tÃ i cao vl :)
train_pcyslbtvms|Ä‘cm giá»‘ng mÃ¬nh vl
train_caftkwgudv|Ähs chÄƒm Ä‘i cmt vl :)
train_woxxkwmaqw|Dit me . Dá»‹ á»©ng vl
train_hxjxlrgkgu|Äm . . . Tao thá» , tao thá»•i y nhÆ° váº­y Phi Pham shared a post . <URL> Bombsquad
train_ytjcmjhiew|Pháº¡m Quyáº¿t Chiáº¿n im me di
train_xjpcabhnei|Dá»Ÿ ráº¡p máº¹ nÃ³ luÃ´n =) cay vl
train_rglieysulh|Duy KhÃ¡nh Ä‘Ã¹ mÃ¡ vip
train_fjnmoicxnb|CÃ´ng Nguyá»…n yÃªu vÃ o ngu vl
train_tkulltpxmt|Ä‚n â€œ máº¡nh â€ :( dou ma sá»£ vl :(
train_xlfyntffuc|Dcm hÃ i hÆ°á»›c =)
train_tcqiimsjyi|dm thÃ­ch xem Ã´ng nÃ y vl
train_qaysrhbmya|HoÃ ng Long Nguyá»…n Ä‘m phim nháº¡t nháº½o vl
train_totfvntogw|LÃª Hiáº¿u NghÄ©a <URL> Tai to Má»“m záº©u . Tá»• Ä‘Ä© gá»i tÃªn em ğŸ“£ ğŸ“£ . # TaitoMomzau
train_lplkbxmtda|LÃª Háº¡ Vy <URL> Tai to Má»“m záº©u . Tá»• Ä‘Ä© gá»i tÃªn em ğŸ“£ ğŸ“£ . # TaitoMomzau
train_khuwafbvrc|ÄÃ¹ , . . . . Sao nÃ³ biáº¿t mÃ¬nh nghÃ¨o hay ta ! Äá»‹nh má»‡nh chÃ³ cáº¯n tháº­t <URL>
train_fygychvhvi|Äm . . . . . Ä‘au rÄƒng vl
train_ackwdgutsm|Äm cá» rÃ©p pi vl
train_curywebxck|M qua nháº­t lÃ m Ä‘i . Cho t tiá»n t cá»© dá»£ vÃ  m sáº½ cÃ³ chÃ¡u :) . ChÃº kha Ã³c chÃ³ chÃº kha Ã³c chÃ³ :)
train_mxjqwsjxwu|á» trÃªn sÃ¢n ad ngu vl
train_onohvzdtan|Duy Thuáº­n :) cáº£m tháº¥y quÃª vl
train_ayiyxfvuxt|Trang Nhá» Ä‘m thá» nhÃ¬n áº£nh nÃ y xong nhÃ¬n áº£nh bÃ¬a , bá»±c vl :(
train_brfnjgjhaf|Coi r . . . Äm . . Cay vl
train_lhciyfzxfi|cÃ³ cÃ¡i con cáº· * dá»—i vl
train_qdurohkhgf|CÃ¡i viá»‡c ngu nháº¥t tá»« trÆ°á»›c tá»›i nay lÃ  Ä‘Ã©o bao giá» nhá»› Ä‘Æ°á»ng ğŸ˜­ ğŸ˜­ ğŸ˜­ ğŸ˜­ Ly BÃ¹i Ã­feeling dumb .
train_rwdnvqinke|MÃ¡ diá»…n xÃ¢u vl
train_nmvqbqxtii|Buá»“n thiá»‡t chá»© . . . ÄÃ©o biáº¿t nÃ³i gÃ¬ luÃ´n . . . Nhá»¥c vl
train_scejqvetwe|Cho t lÃ m fan cá»©ng Äitme t cmt tháº¿ kh Ä‘c fan cá»©ng Cmt thÃ nh pan cá»©ng
train_hcaogaugpu|ÄoÃ n Háº£i SÃ¢m Ä‘m xem clip nhÃ­ vl :)
train_vwsjmkkshh|BÃ¹i VÄƒn Tháº¯ng chÃ³ nÃ o mÃ  chÃ³ chÃª cá»©t ?
train_uonkptjqos|ÄÃ©o hiá»ƒu sao tao thÃ­ch máº¥y cÃ¡i vá»¥ nÃ y vl - . -
train_ggbdjcodwx|Ä nÃ³i nhiá»u cÆ¡ mÃ  c trÃ¢u nÃ y bÃ©o vl
train_awctkpqfwl|Chá»‰ cáº§n bÃ  may qua Ä‘Æ°á»£c khoáº£ng thá»i gian nÃ y thÃ´i thÃ¬ Ä‘á»‹t máº¹ mÃ y Äá»œI áº¡ . MÃ y tuá»•i loz ğŸ˜’ <URL>
train_ntzmeognne|. Äáº¿u thá»ƒ tin Ä‘Æ°á»£c . C1 nÄƒm nay Ä‘Ãº Ä‘á»Ÿn vl
train_hilntmhzop|MÃ¡ PhÃ­nh ghÃª vl
train_cvhbekhsef|NgÃ´ Äáº¡t m an ko m may hoi nhui qa zi mat lol
train_iqgwfgbjsj|Pháº¡m VÄƒn LÄ©nh Ä‘m giá»‘ng tháº±ng Tiáº¿n Tráº§n vl
train_pfhnfnkfro|Äáº¡p máº¹ Ä‘i nÃ³i nhiá»u vl
train_fmuauwlcrk|Hieu Thao bat cog vkl
train_epjfqjofae|PhÃªrÃ´ LÃª Phi HÃ¹ng ngoáº¡i giao ráº¥t quan trá»ng dell pai nhÆ° nhá»¯ng tháº±ng dÃ¢n ngu nc
train_enffcbwzpk|Ä biáº¿t chá»§ Ä‘á» lÃ  gÃ¬ nhg c t xinh vl
train_ekogjijnam|Dm viáº¿t sai chÃ­nh táº£ cÅ©ng Ä‘em lÃªn khoe . . $ Ngá»t lá»­a há»“ng )
train_gonzzzpryu|Ni LÃª Ä‘m con ná»› nhÃ¬n giá»‘g t vl
train_egznighyyg|Äm cay Vl Ä‘i háº¹
train_qoqsphgmls|Namm Pháº¡mm vkl euro
train_iifqtrsaho|Tráº§n Minh ThÆ° tá»Ÿm vl ğŸ˜†
train_ysbwjdknsp|Con Ä‘iÃªn . Vl
train_awbkbkycdq|Ä‘Æ°á»£c xem con trÃ¢u á»‰a phÃª vl
train_bamswpgonw|Pham Ha Thu dm =) chÃ³ Ä‘ gÃ¬ ngháº¿u vl :)
train_usatvkdwun|Tráº§n HÃ¹ng ko ngá» fan Barca Äƒn chÃ¡o Ä‘Ã¡ bÃ¡t vl
train_pwueaolggv|ÄÃ¡nh ngÆ°á»i dc thÃ¬ sung sÆ°á»›ng ngÆ°á»i Ä‘Ã¡nh láº¡i nhÆ° con chÃ³ con sá»£ cháº¿t
train_jlgjrkibde|Vi Hoan Ã©o cho ra Ä‘Æ°á»ng
train_othzlrlalf|Con ngÆ°á»i hÆ¡n con chÃ³ á»Ÿ chá»— ngÆ°á»i nÃ³i thÃ¬ nge chÃ³ nÃ³i dell nge .
train_yssdzstaxk|VÃº t hÃ¬nh báº­c thang lun Ã  . . gÃª vl
train_iujkyxwezo|Vl 2 nÄƒm con cáº·c
train_cwzedyuoxa|ChÃ³ mÃ¡ vl : Â«
train_sgoietyldx|T . Thá»©c Ä‘m thÃ¨m chuá»™t chiÃªn vl
train_zgdohqhsdg|xem láº¡i cÃ ng nÃ³ng máº¯t vcut
train_eiuhsbdmiv|DÃ i Ä‘Ã©o :)
train_tckmqiuhkk|ÄÃºng con máº¹ tá»¥i m
train_vkjfcwvbve|SÆ°á»›ng nhÆ° chÃ³ mÃ 
train_dvsrfzohrh|Nguyá»…n NhÆ° Huá»³nh vÃ¬ mjnh Ä‘Ã©o thÃ­ch nÃ³ kkk .
train_smttprdonu|LÃºc chá»¥p Ä‘Ã©o Ä‘á»©ng vÃ o giá»¯a luÃ´n Ä‘i .
train_djiaowgvha|Cc gÃ¬ cÅ©ng pr Ä‘Æ°á»£c
train_iyfquycjvw|cÃ¡i áº£nh cÃ  khá»‹a vl :)
train_ttiadlxvee|Nguyá»…n Minh Háº£i m ngÃ¡o Ã  suá»‘t ngÃ y hÃ³a má»‡t má»i láº¯m rá»“i
train_bvqaxwnmuh|Há»“ng Há»“ng má»›i Ä‘áº» xong Ä‘i cm dáº¡o ná»¯a ha . Khá»e zá»¯ . Kkk
train_abexukdlpc|VÃ¬ dÃ¢n Trung Hoa , vÃ¬ nÆ°á»›c Trung Quá»‘c háº£ bÃ¡c ? BÃ¡c xá» lÃ¡ nÃ³ vá»«a vá»«a thÃ´i ! Ã”ng Ã½ má»›i náº±m xuá»‘ng thÃ´i chá»© chÆ°a cháº¿t háº³n Ä‘Ã¢u mÃ  bÃ¡c dá»Ÿ cÃ¡i giá»ng xá» lÃ¡ Ä‘áº¥y ra ! ğŸ˜‚
train_hbpyawvldz|HoÃ ng Thá»‹ Mai t láº¡i Ä‘áº¥m cho
train_abanxammhk|ÄÃ©o láº¥y vá»£ ná»¯a Ä‘Ã¢u =)
train_xbkgytvgum|Tao trÃ¢n trá»ng nháº¯c láº¡i . ÄÃ¢y khÃ´ng pháº£i lÃ  quÃ  sanh nhá»±t . ÄÃ¢y lÃ  thá»© bá»‹t miá»‡ng mÃ y Ä‘á»ƒ mÃ y khá»i lÃ¨o nhÃ¨o má»—i khi tao váº½ . =) . P . s : idea cováº»from an artist . Äan Háº¡ Ã­with Na Na . <URL> ?
train_tlmnsunqpf|á»Š cÃ¡i thÃ nh ngÆ°á»i tá»‘i cá»• luÃ´n
train_tclougzdmr|Äm cÅ©ng gÃ¡n Ä‘á»c Ä‘á»ƒ coi lÃ  phim gÃ¬ tá»‘i rÃ£nh tÃ©tmÃ  ai dÃ¨ Ä‘Ã©o biáº¿t lÃ  phim gÃ¬ ğŸ˜‚ Phong Äá»— <URL> ? type = 3 á»’ Yeah . Phim gÃ¬ kÃ¬ váº­y trá»i
train_kpwnyzxagn|Xe vÃ´ cáº£ng 2h15 ' - 8h36 ' ra khá»i cáº£ng . ÄÃ£ chá»­i lá»™n háº¿t 5 ngÆ°á»i . Chá»© khÃ´ng thÃ¬ " " 14h nha anh . Anh thÃ´ng cáº£m . " " . BÃ  cha , Ai thÃ´ng cáº£m cho OPS , ai thÃ´ng cáº£m cho tÃ i xáº¿ . . . . . . P / s : 1 cont ná»¯a rá»›t láº¡i luÃ´n , khÃ´ng thá»ƒ nÃ o cá»©u chá»¯a . <URL> ?
train_lnehtenyfk|Bá»™ giÄƒng Ä‘á»§ " " bá»™ sáº­u " " Ä‘á»ƒ Ä‘e tháº±g FomÃºa , liá»‡u cÃ³ rÄƒn Ä‘c háº¯n hay láº¡i bá»‹ háº¯n xá» sÃ¢u thÃªm ? Nhá»› chÄƒg cÃ¡c cá»¥ ta Ä‘Ã£ nÃ³i : Ä‘á»ƒ lÃ¢u cá»©t trÃ¢u hÃ³a bÃ¹n , 70 nÄƒm chá»© Ä‘Ã¢u chá»‰ 7 thÃ¡g hay báº£y nÄƒm , thÆ°a Bá»™ ?
train_qndyncufhq|CÃ³ con xe gháº» mÃ  mÃ´ng mÃ  met het cáº£ nguoi . <URL> ? PhotÃ³from Cáº§u Vá»“ng Sau MÆ°a ' s post
train_jvhhdicbcz|buá»“n cÆ°á»i Ä‘Ã©o chá»‹u Ä‘c haha
train_ravzyflojt|Äan Äan " " Ä‘á»¥ " " , cÅ©ng Ä‘Ãºng nhÆ°ng mÃ  ngoÃ i Ä‘Ã³ ra thÃ¬ nhiá»u cÃ¡i cáº§n hÆ¡n , vÃ­ dá»¥ nhÆ° Ä‘á»“ng hÃ nh nhá»¯ng káº¿ hoáº¡ch mua sáº¯m Ä‘á»“ trong nhÃ  , kiáº¿m thÃªm thu nháº­p , vá»£ chá»“ng cÃ¹ng Ä‘i chÆ¡i Ä‘Ã¢y Ä‘Ã³ , nuÃ´i con , chia sáº» vÃ  dÃ¬u nhau Ä‘i , . QuÃ¡ nhiá»u thá»© Ä‘á»ƒ cáº§n nhau chá»© khÃ´ng chá»‰ Ä‘á»ƒ Ä‘á»¥ Ä‘á»‹t , . Nháº­n xÃ©t cÃ¡i hÃ¬nh thÃ¬ Ã´ng chá»“ng nÃ y cháº¯c canh lÃºc vá»£ ngá»§ chá»¥p , náº¿u vá»£ k cÃ³ j xáº¥u xa mÃ  Ä‘i bÃªu xáº¥u vá»£ nhÆ° váº­y thÃ¬ k Ä‘Ã¡ng máº·t lÃ m chá»“ng , nhÆ°ng cÅ©ng pháº£i xÃ©t á»Ÿ vá»‹ trÃ­ cá»§a anh chá»“ng xem ná»™i tÃ¬nh ra sao ,
train_eidumeftpz|âœª Quáº£n lÃ½ fan cá»©ng . Äm tao Ä‘á»£i cÃ¡i chá»©c nÃ y lÃ¢u láº¯m rá»“i ğŸ¤£ . Ai muá»‘n lÃ m fan cá»©ng Ä‘Ã©o cáº§n like hay theo dÃµi concac gÃ¬ cáº£ cá»© káº¿t báº¡n vá»›i tao . Há»©a trong vÃ²ng 24h cÃ³ káº¿t quáº£ ğŸ¤£ ğŸ¤£ ğŸ¤£
train_yannxonwej|Douma mat day =) \ ) \ ) \ ) \ ) \ ) Hiá»n VÅ© <URL> ThÃ´n Ná»¯ . CÃCH CHÆ I KHáº®M Ã”NG ANH TRAI YÃŠU QUÃ :v . . # thonnu
train_qtieuofvud|ChÃºng m áº³ng Ä‘áº­m cháº¥t maÄ‘isssss
train_dymydcilgw|Tá»‘i hÃ´m Ä‘Ã³ , thá»‹t chÃ³ ngon quÃ¡ con lÃ m liá»n 4 bÃ¡t bá»¥ng cÄƒng dell ngá»§ dc
train_dhubmtukik|Tá»› nÃ³i tháº­t vá»›i cÃ¡c báº¡n nha . . . Láº§n Ä‘áº§u lÃ m chuyá»‡n áº¥y nÃ¬ . NgÆ°á»i chá»¥p cÃ³ tÃ¢m vÃ£i ^^ <URL> ?
train_nwfqxbudoa|Sá»‘ng lá»—i vclin ğŸ˜ ğŸ˜
train_jhzgqrzquv|16 t Ä‘Ã©o cÃ³ tiá»n ğŸ˜€
train_cnepblsiui|Æ  Ä‘á»‡ch . . . Huy hiá»‡u gÃ¬ Ä‘Ã¢y ná»¯a ğŸ¤£ ğŸ¤£ ğŸ¤£ ğŸ¤£ ğŸ¤£
train_vzumbofewl|CÃ  Chua cÃ³ cÆ°á»i á»‰a k
train_syqslwdehp|Káº¿t thÃºc chuyáº¿n nghÄ© dÆ°á»¡ng cÃ¹ng cty Ä‘áº§y cáº£m xÃºc . cÃ¡i káº¿t . . chÆ¡i team bá»‹ Ä‘Ã¨ sáº¥p máº·t , bá»‹ bÃ³p muá»‘n nÃ¡t . . . Tá» rim . . . . Bá»‹ cháº¥n thÆ°Æ¡ng lÆ°ng vÃ o cuá»‘i cÃ¹ng . . . sáº¯p cÃ³ Ä‘t má»›i . . . . P / s : háº­n Ä‘á»©a nÃ o Ä‘áº©y Ã´ng xuá»‘ng há»“ bÆ¡i Nguyá»…n Vy Há»¯u PhÃºc Ã­with Nguyá»…n Thá»§y at Champa Resort & Spa - Phan Thiet . <URL> ? PhotÃ³from Nguyá»…n Vy Há»¯u PhÃºc ' s post
