train_jnuoftckev|CÃ¡i bucc Ä‘Ã³ yáº¿u quÃ¡ :)
train_mbwzsfpzva|Hiá»ƒu nhá»¯ng gÃ¬ báº¡n muá»‘n náº±m
train_miziztcksy|Há»“ng Ngá»c dm, hÃ£ng nÃ y cÃ³ thá»ƒ bá»‹ Ä‘au Ä‘áº§u
train_iavckckqcw|TÃ´i thá» vl vl
train_xzewrogjtm|SÆ¡n Tráº§n lÃ  trÃ² chÆ¡i khÃ³
train_wzhedojrrq|Chua vcl. ğŸ˜‘
train_dweokyiusl|TÃ´i Ä‘Ã£ hoÃ n thÃ nh viá»‡c Ä‘Ã¡nh lá»«a Ä‘á»ƒ cháº·n cmnl. Bá»‘ Ä‘i theo con. ThÃ´ng bÃ¡o cho tÃ´i vá» táº¥t cáº£ cÃ¡c trÃ² gian láº­n <URL> CÃ³ 1938193 khÃ¡ch hÃ ng. KhÃ¡ch Ä‘Ã£ tin tÆ°á»Ÿng sá»­ dá»¥ng SIM
train_rfnizsfmyc|Äá»¥ nhau vl
train_qfixhrelfp|TÃ´i Ä‘Ã£ sá»­a ráº±ng tÃ´i khÃ´ng ngu ngá»‘c :)
train_hieabrwtsb|:) khÃ´ng lÃ m gÃ¬ cho Ä‘áº¿n khi d. Cuá»™c sá»‘ng cá»§a tÃ´i tháº­t khá»‘n khá»•
train_zrzypewabv|LÆ°u ThÃ nh CÃ´ng chá» káº¿t hÃ´n sá»›m
train_ajorocsmvo|á» Ä‘Ã¢y, cÃ³ nhá»¯ng mÃ´n cáº§n pháº£i kiÃªn trÃ¬, báº¡n khÃ´ng thá»ƒ :)
train_tipvyedlxl|Cáº¯t dÃ¢y mÃ u Ä‘en Ä‘Ã³. . . Ngá»‘c vl
train_tozwjkiuac|TrÃ¢m TrÃ¢m trÃ´ng vl báº©n
train_cwbjogkucj|Vl Ã¡c cÆ° dÃ¢n máº¡ng.
train_kqseaqesvg|HÃ¬nh áº£nh bÃ­ máº­t cá»§a Tráº§n Má»¹ Linh :)
train_hkvemxofdj|Triá»‡u PhÆ°Æ¡ng lol kinh tá»Ÿm
train_kxqphuheua|Kelly Nguyá»…n cáº£m tháº¥y tÄƒng cÃ¢n hiá»‡u quáº£ vl
train_ydfyfbvmmk|None
train_ewnlkvocge|Má»™t con chÃ³ vá»¡ miá»‡ng. Ngá»‘c ngháº¿ch
train_sakrywzzdc|Láº¡ vcl :)
train_mitulpoqif|LÃ m nhÆ° phá»¥ ná»¯ lÃ  nÃ ng tiÃªn hoáº·c thÃ¡nh. . . . . . HÃ£y nhÃ¬n láº¡i cÃ¡t vÃ  bá»¥i lÃ  phá»¥ ná»¯ bá»¥i chá»‰ lÃ  má»™t ngÆ°á»i nhÆ° má»i ngÆ°á»i khÃ¡c. . . . Náº¿u nÃ³ Ä‘Æ°á»£c nÃ³i chÃ­nh xÃ¡c Ä‘iá»u gÃ¬ lÃ  nhá»¥c nhÃ£ nháº¥t Ä‘á»‘i vá»›i cha máº¹ cá»§a tá»• tiÃªn. . . NhÆ°ng khi cÃ´ nÃ³i Ä‘iá»u Ä‘Ã³, cÃ´ nÃ³i ráº±ng Ä‘Ã n Ã´ng lÃ  tá»“i tá»‡ nháº¥t, nhÆ° thá»ƒ phá»¥ ná»¯ ráº¥t cÃ³ giÃ¡ trá»‹. NhÆ°ng khi giÃ¡ giáº£m, má»i ngÆ°á»i váº«n nhÃ¬n vÃ o máº·t, vÃ  khÃ´ng ai ngÃ£. . . . . . . Ngá»“i láº¡i vÃ  ngáº£. . . . . Äá»«ng báº­n tÃ¢m, nhÆ°ng Ä‘Ã n Ã´ng. . . .
train_mltlykvhia|PÃ© Nhi z lÃ  m ráº¯m vÃ  Ä‘á»• lá»—i cho m? Zu khÃ´ng háº£
train_fdgiakgzyx|Cháº¿t tiá»‡t, mk vl
train_ckzlpynhvq|NhÃ¬n báº¡n ráº¥t báº©n
train_ieuhdinnyi|Dcm kinh tá»Ÿm vl á»‘m
train_gjlauvvwvm|Cháº¿t tiá»‡t a66 khÃ´n ngoan vl
train_mixxgddkom|kinh tá»Ÿm lz: v
train_fpdxwfwdmo|Äá»©c PhÃºc nÃ³i chuyá»‡n vl
train_vsdqeagjjb|Dmm, nhá»¥c nhÃ£ vcl
train_byqhbaqpdq|Äá»• ra vá». TÃ´i khÃ´ng ngu ngá»‘c =)
train_rfjvjdofgf|Tráº§n Nga ai quá»Ÿ trÃ¡ch vl
train_gapriimzmc|NÃ³ trÃ´ng giá»‘ng nhÆ° má»™t Ä‘á»‘ng rÃ¡c
train_ffriroemzn|chÃ³ vÃ  chÃ³. . . ngu nhÆ° chÃ³ :)
train_bjfppviljd|CÃ³ váº» nhÆ° tÃ´i cÆ°á»i quÃ¡ nhiá»u ğŸ˜Š. VÃ¬ váº­y, khi tÃ´i buá»“n, tÃ´i khÃ´ng tin báº¥t cá»© ai ğŸ˜© ğŸ˜© <URL>
train_jgtfhwdnkp|Váº¥n Ä‘á» báº» khÃ³a nÃ³ lÃ  gÃ¬ - _ -
train_ndyzzpzwti|Vá»«a lÃ m nhá»¥c vá»«a vl.
train_wwqwcceudw|ğŸ™„ ğŸ˜£ khÃ³ chá»‹u vl
train_phkxyucxxo|Nhii YÃªn vl
train_svelgtdsjd|XÃ¹ xÃ¬ vÃ  xanh xao
train_nrfxbroeyg|Huy HoÃ ng lÃ  hÃ ng hiá»‡u. :)
train_dsilvpxhuu|Náº¿u báº¡n nghÃ¨o, táº¡i sao báº¡n nghÃ¨o? Táº¡i sao báº¡n nghÃ¨o?
train_ipaqooaksz|Ny tÃ´i tháº­t thÃ´ lá»—; (((
train_kdzgfknxxh|Má»¥c Ä‘Ã­ch cá»§a cuá»™c sá»‘ng lÃ  lÃ m hÃ i lÃ²ng chÃ­nh báº¡n, nhÆ°ng khÃ´ng lÃ m hÃ i lÃ²ng má»i ngÆ°á»i! . # Äuá»‘i nÆ°á»›c! URL URL <URL>
train_bcgmqhnrnq|Má»—i ngÃ y Ngoan Chau, báº¡n chá»­i tÃ´i nhÆ° má»™t con chÃ³ :)
train_kajerfyykm|Lo nhá» chÆ¡i ngu giá» mÃ¡y tÃ­nh. . . láº·p láº¡i nghiÃªn cá»©u Ä‘áº§u tiÃªn vl
train_mjszitzdnz|Táº¡i sao tÃ´i cÃ³ Ä‘iá»u Ä‘Ã³. Báº¥t cÃ´ng vl
train_qjowqbhozf|ğŸ™‚ ğŸ™‚ ğŸ™‚ sau 2 láº§n tÃ´i Ä‘áº·t háº¿t niá»m tin vÃ o ngÆ°á»i khÃ¡c vÃ  giá» tÃ´i khÃ´ng muá»‘n tin ai khÃ¡c TÃ´i Ä‘ang nÃ³i dá»‘i
train_ztbzuqaocg|Äáº¡t Äáº¡t ráº¥t vui
train_vkcnqapdjj|BÃ¡n thÃªm ke ke hoáº·c lÃ m má»™t Ä‘Ãªm nam táº¡i nhÃ 
train_jcjwypbvox|Má»™t con chÃ³ cÃ¡i xáº¥u nhÆ° má»™t con chÃ³ cÃ³ thá»ƒ mang nÃ³ trÃªn Ä‘Æ°á»ng phá»‘ bá»‹ trÃªu chá»c. Bá»‹ bÃ³p mÃ©o, xuyÃªn táº¡c? . Chá»‰ cho tÃ´i biáº¿t báº¡n Ä‘Ã£ láº¥y nÃ³ á»Ÿ Ä‘Ã¢u. VÃ  nhÃ  cá»§a tÃ´i á»Ÿ Ä‘Ã¢u? Trá»i áº¡, tÃ´i trÃ´ng tháº­t buá»“n táº». Cháº¿t tiá»‡t báº¡n, tÃ´i cÃ³ ck, Ä‘Æ°á»£c rá»“i, tÃ´i khÃ´ng á»•n. Dii TÃ¡nh NghÃ­ cáº£m tháº¥y khÃ³ chá»‹u. <URL> BÃ i Ä‘Äƒng cá»§a PhotÃ³from Diá»…m TÃ¡nh
train_uvlhlsekcz|TÃ´i phÃ¢n tÃ¡n phÃ²ng con gÃ¡i vl
train_cdtxiijmxe|NgÃ²Ã´BÃ¨Ã´bike vkl
train_spejtsgtmj|Sá»Ÿ ráº­n ong náº¯p náº¯p. Gia Ä‘Ã¬nh tÃ´i nghÃ¨o báº±ng xe buÃ½t. HÃ nh khÃ¡ch xe buÃ½t táº£o báº¹. VÃ¡y cÅ© Ä‘Ã¡p á»©ng quy Ä‘á»‹nh ace. Cáº£ gia Ä‘Ã¬nh báº¡n bá»‹ tháº¥p khá»›p. Má»™t cÃ¡i sá»«ng lÃ  má»™t con tÃª giÃ¡c. LuÃ¢n lÃ  má»™t con tÃª giÃ¡c. LuÃ¢n cÃ³ nhiá»u sá»«ng hÆ¡n má»™t con tÃª giÃ¡c. . . ğŸ˜› ğŸ˜› HoÃ ng Lá»™c Ã­with ThÃ nh.
train_yvlzpxpqiv|Sau khi mua Bcs, anh chÃ ng nÃ y tháº­t ngá»‘c
train_mgyrxftude|Nguyá»…n Minh Ngá»c khÃ´ng tá»‘t
train_bpenugsxij|PhÃº VÆ°Æ¡ng vÃ¹ng Ä‘áº¥t anh hÃ¹ng. 4 cÃ´ gÃ¡i chia sáº» má»™t hÃ ng cÃ¢y. Anh cÅ©ng pháº£i tÃ´n trá»ng cÃ´. HÃ ng hÃ³a khÃ´ng hiáº¿m nhÆ°ng má»™t sá»‘ cÃ´ gÃ¡i cáº¡nh tranh. Cuckoo chá»‰ lÃ  trong lÃ ng. Váº­y mÃ  cáº£ nÆ°á»›c Ä‘á»u khen. Máº¡nh máº½ Ä‘áº¿n 4 nÃ ng. 5 Ä‘á»©a con cá»§a tÃ´i chá»‰ khÃ¡c máº¹. Há»c tá»« nay dang dá»Ÿ. 9 miá»‡ng chá» Äƒn mÃ  khÃ´ng bá» sÃ³t mÃ³n nÃ o. Bá» lá»¡ má»™t vÃ i ngÆ°á»i ngáº§n ngáº¡i chÆ¡i. Chuyáº¿n Ä‘i nÃ y sáº½ káº¿t thÃºc mÃ¹a hÃ¨. ÄÃºng lÃ  cuá»™c sá»‘ng nhÆ° lol
train_jlaeuybuwk|LÃª Thá»‹ dcm t máº¥t mÃ¡u.
train_ncbbmejkcl|dcm nÃ³ nhÆ°ng Ä‘Ãªm nÃ³ Ä‘Ã£ lÃ m cho con há»• cháº¿t, Ã´ng giÃ  m :)
train_uhorqtnfyv|Chá»‰ trÃ­ch. Hot vl ra
train_kapwtohtmh|Ngá»c Háº£i cÅ©ng nhÆ° váº­y, vÃ  cáº§u thá»§ bÃ³ng Ä‘Ã¡ chá»‰ cÃ³ tiá»n j, giáº£i vÃ´ Ä‘á»‹ch bÃ³ng Ä‘Ã¡ cÅ©ng lÃ  j, vn ai sá»£, indo philipin cambodia vá» chÃ­nh trá»‹ khÃ´ng thá»ƒ chÃ¡n vá»›i vÃ´ Ä‘á»‹ch bÃ³ng Ä‘Ã¡ vn
train_ojmozlusap|Káº» áº¥u dÃ¢m vc: v
train_adejfmdtop|Gia CÃ¡t LÆ°Æ¡ng cÃ³ má»™t liÃªn káº¿t cháº¿t tiá»‡t Ä‘á»ƒ chia sáº» cho má»i ngÆ°á»i! !
train_guztjkezxk|Park Ji Hyun Cay vl, cháº¿t tiá»‡t
train_ckhkdgoxgh|KhÃ´ng liÃªn quan, nhÆ°ng giÃ¡o viÃªn tiá»ƒu há»c cÅ©, nhÆ°ng tá»‡ Ä‘áº¿n má»©c Ä‘Ã³, tÃ´i khÃ´ng tin Ä‘iá»u Ä‘Ã³.
train_tgvdumdrvl|M Ä‘i lÃ m vl
train_vghxlztxch|Nho Mit Uot cÃ³ má»™t dáº¥u hiá»‡u thu tháº­p
train_lxgjyzxwbq|KhÃ¡nh Vy (Äen) Ãª nhÆ° vl mi
train_qywacgyqpa|Má»™t cÃ¢u chuyá»‡n ráº¥t cáº£m Ä‘á»™ng, máº·c dÃ¹ vÃ´ cÃ¹ng xa vá»i.
train_rglrstplmo|Nguyá»…n Gau cÃ³ má»™t cuá»‘n sÃ¡ch Ä‘áº³ng cáº¥p tháº¿ giá»›i
train_rycyiurpqb|Cáº·n bÃ£. Thá» ğŸ˜¥ ğŸ˜¥ ğŸ˜¥ Nguyá»…n Minh Tuáº¥n <URL> BÃC S BLACK ÄEN. Háº£i PhÃ²ng, Ä‘á»«ng há»i :. . Máº­t ong ! DÃ¹ sao, tá»« tá»«, ngÆ°á»i anh em. . . ! ğŸ˜­ ğŸ˜­ TÃ´i cáº£m tháº¥y Ä‘au khá»• ğŸ˜­. . P / S: Vá»¥ viá»‡c xáº£y ra lÃºc 3 giá» ngÃ y 4. 5, táº¡i ngÃµ HoÃ ng QuÃ½ (huyá»‡n LÃª ChÃ¢n, thÃ nh phá»‘ Háº£i PhÃ²ng.
train_fnkzdkuxkl|TÃ´i Ä‘Ã£ cÃ³ má»™t cÃ´ con gÃ¡i vÃ  bÃ¢y giá» khi tÃ´i vá» nhÃ  vá»›i con gÃ¡i má»—i khi nÃ³ khÃ³c, máº¹ tÃ´i sáº½ nguyá»n rá»§a tÃ´i
train_qklczbkilf|Phá»¥ng Hiá»‡p <URL> VLL. ğŸ™‚
train_qvktzmxkjx|HoÃ ng ThÆ°á»£ng tháº­t kinh tá»Ÿm
train_lrgwjxhnrm|Chá»‰ trÃ­ch. Khi chá»n liÃªn láº¡c
train_uvandycmab|TÃ´i chá»‰ Ä‘Æ¡n giáº£n lÃ  khÃ´ng thÃ­ch mÃ u sáº¯c hiá»ƒn thá»‹ vÃ  video giáº£ máº¡o
train_xsvttzqfub|Nguyá»…n VÄ©nh Trá»ng lÃ  tá»« vl: v: v
train_swyqfgyzlb|Nháº¥t Nháº­t Ä‘o cho tÃ´i tháº¥y cÃ´ gÃ¡i ghagag hÆ¡i láº¡nh lÃ¹ng.
train_bwisitwufp|Thá» vá»›i tÃ´i vá»›i bÃ¬nh luáº­n bÃ¬nh luáº­n ae tráº» em sá»›m háº¥p dáº«n vl
train_tdrhosjtvg|Chá»‹ch. T vÃ  Tháº£o mÃ  tháº¥t nghiá»‡p. HÃ nh tÃ¢y Ä‘áº§y cÆ¡ báº¯p
train_gpdxsaeamx|Dm khÃ³ hiá»ƒu vl
train_fjzqunbhwb|CÃ´ng giÃ¡o lÃ  má»™t tÃ´n giÃ¡o nÆ°á»›c ngoÃ i, Ä‘Æ°á»£c nÆ°á»›c ngoÃ i giá»›i thiá»‡u Ä‘á»ƒ chia ráº½ ngÆ°á»i Viá»‡t Nam. BÃ¢y giá» cÃ³ nhá»¯ng linh má»¥c cáº£i trang nhÃ¢n quyá»n, trÃªn thá»±c táº¿, Ä‘ang kÃ­ch Ä‘á»™ng sá»± chia ráº½
train_igbrflkoxa|Nhá»¯ng con váº­t Äƒn cÃ¹ng loáº¡i sÆ° tá»­ SÆ° tá»­ <URL> Lam. Xin Ä‘á»«ng Äƒn thá»‹t chÃ³. # Danongbui
train_wuytoiecrr|Tuáº¥n Chelsea xÃºc pháº¡m Vl t7
train_rfenohxkpg|Tá»« hÃ´m qua Ä‘áº¿n giá» váº«n chÆ°a tiÃªu hÃ³a Ä‘Æ°á»£c cá»¥c u cay nÃ y. Real pissing KhÃ¡nh Khoa NT cáº£m tháº¥y cÃ³ Ä‘á»™ng lá»±c.
train_vwzgrvnptg|NÃªn nhá»› :. â€¢ KhÃ´ng bao giá» pháº£n bá»™i gia Ä‘Ã¬nh, ngÆ°á»i yÃªu cá»§a báº¡n. â€¢ Bá»Ÿi vÃ¬ chi phÃ­ luÃ´n cá»±c ká»³ Ä‘áº¯t Ä‘á». â€¢ lÃ  má»™t ngÆ°á»i Ä‘Ã n Ã´ng tá»‘t hÆ¡n lÃ  dÅ©ng cáº£m. â€¢ Äá»«ng khiáº¿n má»™t vÃ i ngÆ°á»i thÃ¢n yÃªu lÃ m tá»•n thÆ°Æ¡ng ngÆ°á»i yÃªu báº¡n. â€¢ Náº¿u báº¡n khÃ´ng Äƒn cÆ¡m, hÃ£y Äƒn cá»©t! ! ! HÃ£y nhá»› ngÆ°á»i Ä‘Ã n Ã´ng <URL>
train_dymxvgekvn|None
train_cicyydcdbs|LÆ°u Kane bá»‹ tiÃªu cháº£y
train_ceumovqdgm|VÃ¬ tÃ´i thÃ­ch nÃ³ láº¯m :)
train_ypskefqyjj|lenglet pique 2 Ã´ng ná»™i nÃ y chÃ¡n quÃ¡
train_rhcxywccsk|TÃ´i nÃ³i vá»›i há» ráº±ng tÃ´i cÃ´ Ä‘Æ¡n. Há» báº£o tÃ´i. . . NÃ y URL <URL>
train_ajmbsdfvcd|UyÃªn PhÆ°Æ¡ng tá»©c giáº­n :)
train_ofdnyatfnt|VÅ© Thá»‹ Ngá»c PhÆ°Æ¡ng dm báº¡n cÃ³ ny mÃ  báº¡n trÃªu tÃ´i ngay bÃ¢y giá»
train_woyqwzclyt|TÃ´i muá»‘n gáº¯n tháº» cÃ¡c báº¡n vl
train_fgduxluirm|Xem náº¿u ai cÃ³ thá»ƒ giÃ nh chiáº¿n tháº¯ng. NhÆ°ng sai láº§m nhá» Ä‘Ã³ mang láº¡i lá»i nguyá»n nhÆ° báº¡n. cho dÃ¹ báº¡n cÃ³ nhá»¯ng ngÆ°á»i nguyá»n rá»§a tÃ´i ngu ngá»‘c?
train_lokdiqgmkn|khÃ³c mÃ¡, kinh khá»§ng
train_uwpfjwifcx|1 pound 4 = pentakill. Äáº¿m nÄƒng suáº¥t vl
train_smyeddhsdc|Thá»i má»‡t má»i vl :)
train_wirdknditq|Oppai cÄƒng vl
train_mcqktmbhzz|TiÃªu chuáº©n vl Ä‘m -. -
train_iffvlppjjo|Nhiá»u ngÆ°á»i Ä‘iÃªn
train_mnnrhrczse|Cuá»™c sá»‘ng tá»“i tá»‡ vl
train_rqxazwekbs|Äá»«ng láº¥y nÃ³, hÃ£y láº¥y tÃ´i =)
train_cbidfhfebg|Tháº­t lÃ  má»™t vl
train_yojgpyxqkp|Náº¿u cÃ³ má»™t ngÆ°á»i tá»‘t hÆ¡n, anh ta sáº½ khÃ´ng giá»¯ ğŸ¤— vÃ  ai Ä‘Ã³ khÃ´ng tá»‘t hÆ¡n sáº½ khÃ´ng buÃ´ng tay ğŸ˜‚ ğŸ˜‚. Rá»i khá»i T lÃ  má»™t báº¥t lá»£i khÃ´ng ai tá»‘t báº±ng T! ! ! Tháº£o ğŸ˜‚ Trang Tháº£o chia sáº» cáº£m xÃºc háº¡nh phÃºc vá»›i Tháº£o Trang. <URL> NgÆ°á»i báº¡n tá»‘t nháº¥t. Nhá»› nÃ³i Ä‘i! . ÄÆ°á»£c rá»“i tÃ´i á»•n. . .
train_mvnebfaqws|MÃ¬ tÃ´m cháº¥t Ä‘á»‘ng vá»›i ráº¥t nhiá»u ntn Ä‘Ã£ sá»£ cháº¿t Ä‘Ã³i. . ! <URL>
train_pcctarmenk|Trang cá»§a tÃ´i lÃ  trang. Cháº¿t tiá»‡t vl
train_tfpxrjhwcg|CÃ³ ráº¥t nhiá»u ngÆ°á»i báº¡n láº¡, chá»‰ chÃª bai vá» nhá»¯ng gÃ¬ ngÆ°á»i khÃ¡c lÃ m. . . sau Ä‘Ã³ máº·c Ä‘á»‹nh mÃ¬nh lÃ  Ä‘Ã n anh! . Náº¿u báº¡n cÃ³ thu nháº­p há»£p phÃ¡p, báº¡n khÃ´ng nÃªn xáº¥u há»•, náº¿u báº¡n giÃ u cÃ³, báº¡n cÃ³ thá»ƒ táº­n hÆ°á»Ÿng nÃ³, nhÆ°ng tháº­m chÃ­ Ä‘Ã³ lÃ  Ä‘á»ƒ cha máº¹ báº¡n táº¡o ra nÃ³, chá»© khÃ´ng pháº£i nÆ¡i báº¡n lÃ m ra nÃ³! ! ! NÃ³i má»™t cÃ¡ch trung thá»±c, Ä‘Ã³ khÃ´ng nháº¥t thiáº¿t lÃ  má»™t tÃ i sáº£n trung thá»±c! ! ! Váº­y báº¡n tá»± hÃ o vá» Ä‘iá»u gÃ¬? ! . Muá»‘n chÃª bai máº¹ chá»“ng, Ã­t nháº¥t báº¡n cÅ©ng cÃ³ thá»ƒ sinh con! . Nhiá»u ngÆ°á»i chá»‰ trÃ­ch tÃ´i nhÆ°ng khÃ´ng bao giá» nhÃ¬n tÃ´i, haiz, trÃ´ng giá»‘ng nhÆ° bá»™ pháº­n sinh dá»¥c biáº¿t nÃ³i! . TÃ´i ghÃ©t nháº¥t lÃ  thÃ³i quen coi thÆ°á»ng ngÆ°á»i khÃ¡c nhÆ°ng tÃ´i biáº¿t mÃ¬nh khÃ´ng hÆ¡n ai háº¿t! ! ! ! <URL>
train_dpolzoxsjd|Kinh doanh vl =)
train_xnpobnyvov|ThÃ­ch lá»“n mÃ¡u vl :)
train_armfpwzvzs|Tháº£o Vy máº¹, nch ngu vl
train_rlgdidgqmd|Tá»™i nghiá»‡p cá»§a vl :)
train_lvyesbkznb|Thá»§y ÄÃ m lÃ  má»™t káº» Ä‘iÃªn, ngu ngá»‘c vc
train_ucmjeoxfeh|Dkm gr nÃ y ráº¥t nhiá»u vl
train_mpmnkguznw|Nhá»› bÃ i hÃ¡t ngÃ y mai rá»“i tá»‘i mai váº«n cÃ²n chÆ¡i ass kk chÆ¡i
train_unlirdwfun|Chiáº¿n Phan dkm thiáº¿t bá»‹ trÃªn hai ng ngoc que
train_nmbywfohzn|Ngá»§ ngon
train_eusetpdrod|YÃªu cc, máº¥t tuá»•i thiáº¿u niÃªn vl
train_xtbmrkxywn|Kim NgÃ¢n nghiá»‡n vl
train_whplztjitw|ÄoÃ n Huá»³nh Khoa <URL> Satan. TÃ´i khÃ´ng biáº¿t táº¡i sao cÆ°á»i vl =)
train_dvdnqyfehc|CÃ´ gÃ¡i dá»… thÆ°Æ¡ng Äƒn uá»‘ng
train_khorgjvpio|None
train_elfokeejwf|:( phá»Ÿ vcl
train_riypkxmcev|Vl cáº¯n ğŸ˜‘ ğŸ˜‘
train_ondrwlxpdz|Äi thi:
train_bpphvkpokw|TÃ´i luÃ´n cáº£m tháº¥y buá»“n chÃ¡n trÆ°á»›c khi Ä‘á»c Vl
train_yyzpgwmitq|Äáº¿m má»™t sá»‘ vl
train_antyagscex|Louis 's HoÃ ng dortmunt cay vl
train_ddebyebuzf|None
train_gbjpcifctp|BÃ­ch Ngá»c dm kinh dá»‹ vl
train_wyhzygqutz|má»‡t má»™t chÃºt ngu ngá»‘c nhÆ°ng tá» ra nguy hiá»ƒm vl :)
train_uzaumsigkf|Khá»‘n kiáº¿p Ä‘iá»u Ä‘Ã³ vÃ  trÃ¡nh má»™t vÅ©ng nÆ°á»›c hoáº·c thá»© gÃ¬ Ä‘Ã³ khÃ´ng Ä‘Ã¡ng Ä‘á»ƒ tim tÃ´i Ä‘áº­p nhiá»u láº§n vá»›i cha máº¹ cá»§a xe mÃ¡y. chá»‰ sá»£ xe báº©n mÃ  lÃ m ngÆ°á»i khÃ¡c khá»•. . . . chia buá»“n vá»›i tx vÃ¬ anh gáº·p chÃº chÃ³
train_ywuauqnzsn|BÃªn kinh doanh vl: v
train_upcbfuzwlw|Chá»§ nghÄ©a tÆ° báº£n phÆ°Æ¡ng TÃ¢y lÃ  khÃ³ khÄƒn Ä‘á»‘i vá»›i ngÆ°á»i dÃ¢n. ná»•i tiáº¿ng khÃ´ng tha. . . ğŸ‡» ğŸ‡³. Ä‘Ã o táº¡o cho nhÃ¢n dÃ¢n. . Cháº¿t tiá»‡t
train_pvzcfvazyo|ThÃ­ch t :( Ä‘á»¥ báº¡n buá»“n
train_ekmgzgotqv|Nguyá»…n Äá»©c Chung cÃ³ má»™t con chim cÃºt
train_chjehvhhng|Cháº¿t tiá»‡t vl haha
train_xrycipqgqu|Náº¿u cs nÃ y vs báº¡n quÃ¡ nháº¡t nháº½o. Äá»«ng cá»‘ gáº¯ng sá»‘ng má»™t mÃ¬nh. VÃ­ dá»¥ . TÃ´i, má»™t ná»¯ tháº§n xanh (). <URL>
train_mxkokvonnr|Nhii Nhii b * nh * vcl :)
train_qkvqgtundt|Káº¿t quáº£ nghe máº·n vl
train_qlnedlogdb|LÃª Tuyáº¿t Nhi dm sá»£ vl
train_uuhhaynmrm|Gá»i cho tÃ´i yÃªu báº¡n ngu vl
train_rmqagszxet|Thá»­ thÃ¡ch Vcl =) clm cÆ°á»i vl
train_brzwghzina|Hot girl vá»›i bá»™ ngá»±c lá»›n
train_dhugbjswmz|cáº£m giÃ¡c thá»‘i vl - _ -
train_zxvyxbebvm|Äáº¿m áº¥m ná»“i
train_jqynjqzboe|Cc, cháº¿t tiá»‡t hoáº·c mÆ¡ nyc vl
train_nsqthsywan|TÃ´i nghÄ© ráº±ng há» cáº£m tháº¥y tá»‘t, nhÆ°ng há» khÃ´ng cáº£m tháº¥y tá»‘t
train_pgmcclxvai|Ráº¥t nhiá»u phim hÃ i
train_tvfnkyynit|ÄÃ³ lÃ  nÃ³! =) ChÃ¡n =)
train_oemahicdun|Thá»§y Linh thá»‘i vl
train_rtncxqczzc|Sau Ä‘Ã³, khÃ´ng ai bá»‹ phÃ¡ vá»¡. Xem vlll vÃ´ lÃ½
train_fdlcrfdrqi|Cháº¿t tiá»‡t máº¡nh vl :)
train_dcuafzylqm|TrÃ² chÆ¡i dá»… cháº¿t tiá»‡t vl
train_ryxgzzsnaj|None
train_gwrgwvlmtc|Chá»‰ trÃ­ch. Tháº¥t vá»ng vl.
train_kbcnynsptd|Äiá»u Ä‘Ã³ táº¡o ra má»™t Ä‘iá»ƒm nháº¥n. Äá»‘i vá»›i giÃ y bÃ¬nh thÆ°á»ng, tÃ´i khÃ´ng cÃ³ gÃ¬ Ä‘á»ƒ nÃ³i. Äá»‘i vá»›i tÃ´i, khi tÃ´i Ä‘i dÃ©p tá»• ong, tháº­t tá»‡ khi tÃ´i chá»­i thá».
train_llfrullbpe|NgÃ´ Thá»‹ Thanh Tháº£o, Khoa Khoa há»c Äá»™ng váº­t vl: v
train_gqmefknpud|NhÃ¬n con Ä‘á»‰a vl :)
train_rglczirspq|Dell Ä‘Ã£ Ä‘áº¡t Ä‘Æ°á»£c áº¥n tÆ°á»£ng Ä‘Ã³ :)
train_qvjqifmckv|Phá»¥ ná»¯ cÃ³ khuÃ´n máº·t k xinh Ä‘áº¹p vÃ  hÃ£m hiáº¿p cáº£ tháº¿ giá»›i chá»‰ sinh ra con voi khá»‘n khá»•.
train_lxhcnvbxhx|Nhanh chÃ³ng Ä‘áº¿m vl: v
train_yfajgdywlc|Cháº·t cu ez vl
train_iyiknkiztn|Nguyá»…n Háº£i Nam mÃ´ táº£ tá»« nhÆ° vl :)
train_hthikkhtfp|None
train_cuennjyvmh|vl ná»¯a :)
train_ajhkkljucl|Jung Ngá»c nháº¡t vl :)
train_ddmrqbbywr|Nháº¥p chuá»™t Vcl =)
train_xgdrkbcfrc|LÃºng tÃºng vcl =)
train_nqsbidtoym|LeYn láº§n nÃ y cÅ©ng lÃ m phiá»n vl
train_ynglednpea|Pháº¡m Quang Anh lag vl: v
train_lcdxhwyvxf|Ha Monn ğŸ™‚ oh tÃ´i sá»£. . . .
train_gwefizaqkb|Káº¿t quáº£ cháº¿t tiá»‡t cá»§a anh chÃ ng Ä‘Ã³ :)
train_dvfhhqzqed|Ngá»©a vl :)
train_hjuojlutuk|Nguyá»…n Minh ThÃ¡i ráº¥t hay nÃ³i
train_uuhsdjrxfm|PhÆ°á»›c HÆ°ng Ä‘áº¿m sá»‘ lÆ°á»£ng lá»£i Ã­ch
train_zcjyubhqdd|KhÃ´ng Ä‘áº¹p trai, khÃ´ng cÃ³ tiá»n, khÃ´ng yÃªu tÃ´i <URL>
train_yhtcmopnil|TÃ´i khÃ´ng muá»‘n nÃ³
train_hmaoaoclvm|ÄÃ³i vcl :)
train_rpypnwkoiq|Nguyá»…n Nguyá»…n khÃ´ng cÃ³ má»™t váº¥n Ä‘á» khÃ³ khÄƒn. ğŸ˜‚ tá»™i vl
train_qnssbvcwhm|Yeu r luÃ´n cá»‘ gáº¯ng loáº¡i bá» j, gt di
train_tlyyfwkiir|Ngá»c Huyá»n Ä‘Ã£ mang Ä‘áº·c sáº£n
train_dygccznwjn|TÃ´i cáº£m tháº¥y tiáº¿c cho báº¡n
train_ujdfdojycu|Äáº§u mÃ¹a Ä‘Æ°á»£c nhuá»™m Ä‘á». VÃ o cuá»‘i mÃ¹a, Äƒn á»Ÿ hang sÃ¢u
train_myyjgefgak|LÃ½ Biu Ä‘áº­p vl :)
train_usctsvikpl|Li Meng <URL> Máº·n. . Vl =
train_dcerptcfqy|TÃ´i sáº½ khÃ´ng nÃ³i Ä‘Ã³ lÃ  láº§n cuá»‘i cÃ¹ng. TÃ´i bÃ¡n rÃªu nhÆ°ng tÃ´i khÃ´ng bÃ¡n Sim. NhÃ  cá»§a T Ä‘áº§y ráº«y Simy Sim T chá»‰ cÃ³ má»™t Ä‘á»ƒ lÃ m kinh doanh. Náº¿u báº¡n mua rÃªu, xin vui lÃ²ng liÃªn há»‡ vá»›i tÃ´i. Äiá»‡n thoáº¡i: 0338. 68XXX VÃ²ng 8, <URL>
train_vedfwjhtvo|Thá»§y Tráº§n sá»£ vcl :)
train_zwfgwjowhc|Chá»‰ cáº§n vay tiá»n Ä‘á»ƒ dá»«ng láº¡i.
train_poawbratjv|TÃ´i khÃ´ng thÃ­ch Ä‘iá»u hÃ²a ğŸ™‚ khÃ´ vl
train_uwsxofccpa|CÃ³ 2 kiá»ƒu Ä‘Ã n Ã´ng khÃ´ng nÃªn tha thá»©. . 1 lÃ  ngoáº¡i tÃ¬nh. 2 vk Ä‘Ã¡nh. Sáº½ cÃ³ láº§n nÃ y. . . lÃ m cho má»™t lá»—i vÃ  cáº§u xin cho sá»± sá»‘ng vÃ  cÃ¡i cháº¿t. . . khi cÃ³ cÆ¡ há»™i thá» má»™t cuá»™c háº¹n rá»“i biá»ƒn Ä‘á»‹nh ká»³. . . . Giang SÆ¡n Ä‘á»ƒ thay Ä‘á»•i báº£n cháº¥t khÃ³ di chuyá»ƒn. . . . Cho dÃ¹ phá»¥ ná»¯ cÃ³ Ä‘au khá»• Ä‘áº¿n tháº¿ nÃ o, cÃ´ áº¥y nÃªn cá»§ng cá»‘ sá»©c máº¡nh cá»§a mÃ¬nh Ä‘á»ƒ cá»‘ gáº¯ng giao sá»± Ä‘á»™c láº­p tÃ i chÃ­nh cá»§a mÃ¬nh. CÃ´ áº¥y pháº£i cÃ³ má»™t Ã½ chÃ­ máº¡nh máº½ Ä‘á»ƒ nÃ³i. . TÃ´i cÅ©ng khÃ´ng cÃ³ may máº¯n gáº·p Ä‘Æ°á»£c anh chÃ ng vk Ä‘Ã¡nh vk tha thá»© láº§n nÃ y lÃ  1001 .. Bio, Ä‘á»«ng cÃ³ Æ°á»›c mÆ¡, nhÃ¢n dá»‹p nÃ y báº¡n cÃ³ cÆ¡ há»™i cho tÆ°Æ¡ng lai cá»§a mÃ¬nh! . Sá»‘ng báº±ng ido Nguyá»…n HÆ°Æ¡ng trang. KhÃ´ng cÃ³ tiá»n Ä‘á»ƒ cháº¿t. KhÃ´ng cÃ³ ngÆ°á»i Ä‘Ã n Ã´ng nÃ o khÃ´ng cháº¿t. . .
train_bcvjudliyn|Äá»‘t nhÃ  trá», bá» qua vl
train_ikxmkfkcoq|Tháº­t Ä‘Ã¡ng tiáº¿c khi nÃ³ cÃ³ má»™t ngÆ°á»i báº¡n thÃ¢n tá»‘t nhÆ° tÃ´i: v, nhÆ°ng nÃ³ chá»‰ trÃ­ch tÃ´i lÃ  má»™t con chÃ³ :)
train_xabakyvdwp|Tin nháº¯n Ä‘Ã£ Ä‘áº§y vÃ  sáº½ khÃ´ng Ä‘iá»u tra láº¡i cáº£nh sÃ¡t Äƒn nÃ³i Ä‘á»ƒ má»i ngÆ°á»i biáº¿t tÃ´i ngu ngá»‘c?
train_xwwkqeiyvl|Ai tin tá»‘i nay vÃ  vl smca barl 4 bÃ n khÃ´ng. TÃ´i khÃ´ng tin vÃ o báº£n thÃ¢n
train_nqqfmxrume|Äá»™t nhiÃªn nháº­n ra ráº±ng tÃ i khoáº£n Facebook chá»‰ dÃ nh cho nhá»¯ng káº» troll khÃ´ng cÃ³ lÃ²ng yÃªu thÃ­ch mÃ  cÃ²n khÃ´ng nghiá»n nÃ¡t báº¥t cá»© ai nhÆ° m.
train_wasdfnlrll|None
train_vclnvlmuim|Muá»‘n Ä‘i xem vl
train_qvcblfprbq|Im láº·ng <URL> Xamf. . Ãm áº£nh vl
train_fhvevjigud|None
train_vrzddrmizu|CÃ³ má»™t ná»¥ cÆ°á»i lá»›n trÃªn khuÃ´n máº·t cá»§a tÃ´i :) táº¡i sao cha cÃ³ Ä‘iá»u Ä‘Ã³ nhÆ°ng nÃ³ khÃ´ng cÃ³ Ã½ nghÄ©a
train_afilyjwnre|vÃ´ dá»¥ng vl: v
train_dhhdqwznot|Thanh CÃ´ng Tráº§n bá»‹ Ã¡m áº£nh bá»Ÿi vl :)
train_yhcjlcpxsp|Nháº£m nhÃ­ vl :)
train_lvwdhsxciz|ÄiÃªn giá»¯a trÆ°a náº¯ng ğŸ¤£ ğŸ˜‚ ThÆ° ThÆ° thÃªm 30 áº£nh má»›i. <URL> BÃ i Ä‘Äƒng cá»§a ThÆ° ThÆ°
train_dkxzukkmba|TÃ´i khÃ´ng thÃ nh tháº­t :)
train_skwmlhkcnc|None
train_tuniondypd|Ana Äoan Ä‘m. Vl cay
train_ecarkvsems|: <Cháº¿t tiá»‡t
train_kkdbpwqcwr|Má»™t con vá»‹t dang rá»™ng Ä‘Ã´i cÃ¡nh, nÃ³i: "Cháº¿t tiá»‡t".
train_cgdxypqoqr|Táº¥t cáº£ cÃ¡c thÃ¡ng cÅ© Ä‘áº¿n thÃ¡ng má»›i váº«n Ä‘en
train_hvbkolhppd|Äau khá»• cho anh chÃ ng ck vl
train_fcttmnqlhe|Má»™t Ä‘Ã¡m Ä‘Ã n Ã´ng khÃ´ng dÃ¡m lÃ m gÃ¬ cáº£. NhÃ¬n nÃ³. . . . á»’, nhÃ  tÃ´i khÃ´ng cháº¿t!
train_symnejuloo|None
train_irahpybous|Nguyá»…n ThÃ¡i BÃ¬nh ráº¥t thoáº£i mÃ¡i.
train_dhlqkimyvi|Cháº¡m vÃ o con, Ä‘Ã¡nh máº¹ ma
train_cufjpsopvo|vl = liÃªn há»‡
train_otzthciedf|Buá»•i sÃ¡ng lÃ  mÃ¡u Ä‘iÃªn. Chá»‰ muá»‘n lÃ m nhÆ° báº¡n muá»‘n. # Sao má»i ngÆ°á»i bá» qua nÃ³. Giá»‘ng nhÆ° lol
train_dhrgaatjzs|ThÆ°á»›c Ä‘o thu nháº­p cá»§a ngÃ¢n hÃ ng lÃ  má»™t ngÆ°á»i dÃ¡m so sÃ¡nh quÃ¡ kháº­p khiá»…ng. ToÃ n nghÄ© má»i chuyá»‡n tÃ o lao khiáº¿n ngÆ°á»i ta khá»‘n khá»•.
train_vypkblwybm|An Nhien dg buá»“n bÃ£ váº¥p vÃ o á»• gÃ  lÃ  má»™t con Ä‘á»‰a. Tuá»•i thÆ¡ Ã¡m áº£nh vl
train_fqkymzvmrt|Cháº¿t tiá»‡t hai báº¡n lÃ  vl vui
train_wfagknvuaj|Náº¯ng cÃ³ mÅ©, mÆ°a cÃ³ Ã´, báº¡n thÃ¢n cÃ³ báº¡n trai. . . VÃ  tÃ´i khÃ´ng cÃ³ ai cáº£. . . <URL>
train_srtjokmegw|Tháº­t dá»… thÆ°Æ¡ng ğŸ˜‚ ğŸ˜‚ TrÃ­ DÆ°Æ¡ng <URL> Huá»³nh. SINH NHáº¬T. NÃ³ khÃ´ng hoáº¡t Ä‘á»™ng nhiá»u, vÃ¬ váº­y hai anh em má»i nhau Äƒn trá»™m chÃ³ :(. NhÆ°ng nÃ³ quÃ¡ tá»‘i: "" KhÃ´ng sá»£ káº» thÃ¹ máº¡nh, chá»‰ sá»£ Ä‘á»“ng Ä‘á»™i ngu ngá»‘c nhÆ° bÃ². "" - - - - - - - - - - - - - - - - - - - - - - - - - - - - - - - - - - - - - - - - - - - - - - - - - - - - - - - - - - - - - - - Ã tÆ°á»Ÿng: Äáº¡t ThÃ nh Mod: ThÃ nh Äáº¡t - Háº£i Anh: ChÃ³ trá»™m Nguyá»…n XuÃ¢n Trung: Chá»§ má»™t ngÃ´i nhÃ  Vá»£ vá»£ ChÃ³ con: ChÃ³ Foto: HÃ¹ng VÄƒn - Huá»³nh Anh
train_ylvawiqabe|NÆ¡i anh ráº¥t pháº¥n khÃ­ch
train_iwrkpxvybp|Há» nÃ³i nÃ³ tá»‘t NhÆ°ng hÃ£y suy nghÄ© cáº©n tháº­n vá» viá»‡c liá»‡u tÃ´i cÃ³ tá»‘t nhÆ° tÃ´i Ä‘Ã£ nÃ³i hay khÃ´ng. nhÆ°ng lá»i nÃ³i sáº½ khÃ´ng bao giá» láº¥y láº¡i Ä‘Æ°á»£c. há» nghÄ© ráº±ng há» lÃ  vua. VÃ  chÃºng ta lÃ  nÃ´ lá»‡ pháº£i lÃ m cÃ¡i nÃ y cÃ¡i kia TÃ´i muá»‘n cÃ¡i nÃ y Náº¿u báº¡n khÃ´ng cáº§n nÃ³, Ä‘iá»u nÃ y khÃ´ng Ä‘Ã¡ng. Chá»‰ cáº§n khÃ³c vÃ  nÃ³i uk cÃ³ há» cÃ³ tiá»n há» muá»‘n nÃ³i. Náº¿u báº¡n khÃ´ng cÃ³ tiá»n, hÃ£y Ä‘áº¿n nÆ¡i báº¡n cÃ³ tiá»n vÃ  bá»‹ lÃ m nhá»¥c vÃ  láº¯ng nghe há». ÄÃ¢y lÃ  má»™t <URL> ngu ngá»‘c
train_nukgxfgqra|NgÃ´ Thá»‹ Thanh Huyá»n cáº¥p 1? ? ? Lá»›p 1 nÃ³ nháº­n tháº¥y cÃ³ lÃ m lá»‡ch gÃ³c dk má»™t chÃºt hay khÃ´ng ns khÃ¡c ngu ngá»‘c.
train_uurgmlzjve|Theo tÃ´i, con Ä‘Ä© giÃ  Ä‘Ã³!
train_gdvehfeiwx|Sá»‘ng trong tháº¿ giá»›i, Ä‘á»«ng quÃ¡ kiÃªu ngáº¡o, vÃ¬ cuá»™c sá»‘ng nÃ y khÃ´ng ai sá»£ ai cáº£. . nÃ y <URL>
train_oifsgsqaer|Triá»‡u 1 xáº¥u vl
train_pfnptnuxcl|Kim HoÃ ng Minh Nguyá»‡t <URL> NgÃ y báº¯t Ä‘áº§u má»›i. Tháº¥y mÃ  xÃºc Ä‘á»™ng quÃ¡. . Bá»‘ nÃ³i "" Con lá»«a con. . . "". . CÃ´ nÃ³i: "Láº¡i Ä‘Ã¢y, máº¹, Ã´m con". . Ad trá»Ÿ láº¡i nhÃ  tÃ¹ 3 nÄƒm trá»Ÿ láº¡i, cÅ©ng báº¥t ngá» khÃ´ng bÃ¡o trÆ°á»›c mÃ  khÃ´ng bá»‹ Ä‘á»™ng cháº¡m nhÆ° tháº¿. Tháº­t Ä‘Ã¡ng tiáº¿c! . . LiÃªn káº¿t Youtobe <URL>
train_vauhfhnezd|Sá»­a lol. Báº¡n cÃ³ pháº£i tráº£ láº¡i khÃ´ng? T chá»‰ Ä‘Ã³ng cá»­a vÃ o buá»•i trÆ°a
train_nkqnrojuge|Nghe ngá»©a vl
train_tkziizgrqr|Dcm thá» ghÃ©t vl :)
train_qwrtlanabj|NgÆ°á»i ta nÃ³i ráº±ng tráº£ Ä‘Ãºng, nghÄ©a lÃ  náº¿u khÃ´ng tráº£ thÃ¬ cÅ©ng vÃ¬ Ä‘á»¥ng cháº¡m, cháº¿t tiá»‡t, ngu nhÆ° bÃ².
train_mkxssztwpp|Äá»«ng nÃ³i khÃ´ng ai biáº¿t anh ta ngu ngá»‘c, nhiá»u ngÆ°á»i biáº¿t ráº±ng anh ta ngu ngá»‘c.
train_uvywkolezr|Äá»©ng Ä‘Ã¡i trong nhÃ  mÃ u 8 chá» mÃ¡u vÃ  Ä‘á»“ng Ä‘á»™i tÃ´ mÃ u tiáº¿p theo
train_sobfpvynoi|Báº¡n trÃ´ng tháº­t kinh tá»Ÿm
train_cdkbwflzrw|Nháº¯n tin nhÆ°ng tÃ´i khÃ´ng biáº¿t Ä‘Ã³ lÃ  gÃ¬ lol
train_flrgteuazo|Tháº¯ng cho Ä‘áº¿n nay phl ngu ngu vl
train_mtwgungnwm|TÃ´i khÃ´ng nghÄ© nÃ³ giá»‘ng nhÆ° C
train_ysuiwdvysv|Máº¹ Ä‘i há»c. KhÃ³ vl.
train_tnmzeoihog|Pháº¡m Tháº£o Thu Nanie NgÃ¢n ráº¥t vui tÃ­nh.
train_mhmlkwacln|Ä‘á»¥ mÃ¡ . nghÃ¨o Ä‘áº¿n vl
train_xxuupcgpoi|LÃ m giÃ¡. ib trÆ°á»›c nÃ³ cháº¿t tiá»‡t rep nhÃºt nhÃ¡t vl
train_arxbwdpfbl|Loáº¡i nÃ y pháº£i giáº¿t chÃ³ vÃ  Ä‘áº­p miá»‡ng chÃ³
train_wrrujvorhl|Cháº¿t tiá»‡t, Ã¡m áº£nh vl
train_dvjnmbuxil|vl báº¡n, tá»©c giáº­n vl :)
train_gmphaelwmt|gay mÃ u vl. . .
train_paajcdjbfo|QuÃ¡i Li La <URL> NhÃ¬n tá»‘t. ğŸ˜–
train_dquhzqjcor|Ã”ng cá»§a báº¡n bá»‹ Ä‘iÃªn Pale Ä‘Ã£ chia sáº» má»™t bÃ i viáº¿t. <URL> DÃ´. Báº¡n Ä‘ang Ä‘Ã¹a tÃ´i =). . # DooTheBarber. # 138ChungLiet. # TÃ³c Ä‘áº¹p
train_bxmzfdreof|Con trai nÃ y xáº¥u
train_fihucfcztd|Vl vl cháº¿t tiá»‡t
train_vhqpfgvpgo|ChÃ³ Thu Thu chÃ³ con chÃ³ con!
train_xphnfjdkfx|Tháº­t Ä‘Ã¡ng tiáº¿c cho trÃ¢u tháº» Ä‘á»
train_ywhljrdeke|Dm trÃ´ng giá»‘ng nhÆ° trÃ¢m vcc. GÃ³c nghiÃªng tháº§n thÃ¡nh cmn
train_sprsioevxy|Máº¹ tÃ´i chá»¥p áº£nh, náº±m trÃªn Ã¡o khÃ´ng chá»­i tÃ´i :( <URL>
train_iztneicmei|Ngá»“i trong lá»›p há»c vá»›i giÃ¡o viÃªn cá»§a tÃ´i * * giÃ¡o viÃªn :)
train_fgikdddszo|None
train_vlohwwbmgm|Chuá»™t tÃ´i ghÃ©t báº¡n cáº¯t Ä‘Ã´i tai gáº§n 500 nghÃ¬n cá»§a tÃ´i ğŸ˜­ ghÃ©t báº¡n <URL>
train_fbxrufruut|Chá»‹ 17t sáº½ lo cÃ¡i quÃ¡i gÃ¬ váº­y e
train_dtgydqbegz|Pii Ma cháº¿t tiá»‡t nhÃ¬n chÃ³ chÃ³ vl
train_lieisfluby|Chiatay nÃ³i chiatay Ä‘Ã£ khÃ´ng xin lá»—i vÃ  nhÃ¬n tháº¥y káº» giáº£ hÃ¬nh
train_kgbedpuecj|IPhone HÃ  PhÃ¡t, Vertu, kiáº¿m tiá»n cháº¥t Ä‘á»‘ng trong tÃºi, xe tá»‘t, Ä‘i uá»‘ng bia, nhiá»u giÃ¡o viÃªn chÆ¡i giá»i hÆ¡n phá»¥ ná»¯
train_cimtyaioci|Tháº¿ lÃ  ny mua nÆ°á»›c vÃ  bá»ng ngÃ´ mÃ  khÃ´ng cÃ³ máº¹. NgÃ y mai náº¿u báº¡n cÃ³ thá»ƒ láº¥y nÃ³, cáº£ gia Ä‘Ã¬nh sáº½ giá»¯ nÃ³. HÃ£y Ä‘á»ƒ tÃ´m báº¯t cÃ¡ máº­p. Loz ngu ngá»‘c. . . . .
train_kivkeidqim|LiÃªn káº¿t, sau Ä‘Ã³ cho tÃ´i má»™t sá»‘ vl x
train_mbzlwlgfpo|Cháº¿t tiá»‡t vl
train_xxbupsxkry|Nguyá»…n VÄƒn Linh dmm nÃ³i dá»‘i
train_ojumnohmjf|Huá»³nh Vinh CÆ°á»ng <URL> Háº­u. TÃ´i phÃ¢n tÃ¡n hiá»‡n tráº¡ng nÃ y. . Tá»« bÃ¢y giá»: ğŸ‘‡ ğŸ‘‡. - Báº¥t cá»© ai lÃ m tÃ´i quay cuá»“ng, vÃ  báº¥t cá»© ai khá»‘n, tÃ´i sáº½ cháº·n
train_fhgykbvvft|Cháº¿t tiá»‡t gia sÃºc :)
train_edmxolsgjq|ChÆ°a cÆ°á»›i thÃªm hp. Khi tÃ´i há»©a, tÃ´i há»©a ráº±ng tÃ´i thá» lÃ  Ä‘Ãºng nhÆ° váº­y thÃ¬ khÃ´ng sao cáº£.
train_zifxvnutxf|SÆ¡n Äoan lÆ°á»i vcl
train_nuxiirhjup|TÃ´i ráº¥t sá»£ :)
train_xvzunjjdsc|Vá»£ bá» vá»£ chá»‰ trÃ­ch vá»£ váº«n vá» :). NgÆ°á»i há»©a vá»›i ngÆ°á»i thá» tÃ£: CÃ² 's oi' ii Ã­with Tri Nguyen.
train_emwgyipgkt|Äá»«ng Ä‘á»• lá»—i cho má»i ngÆ°á»i lÃ  xáº¥u xa, mÃ  hÃ£y tá»± trÃ¡ch mÃ¬nh lÃ  ngu ngá»‘c. GÃ¢u gÃ¢u! . . . .
train_myfoonseva|LÃª Nguyá»…n Nguyá»…n Ä‘á»¥ mÃ¡. Tháº§n tÆ°á»£ng vl miá»…n phÃ­
train_weauusjtmd|Alexandre Christie, cÃ¡c báº¡n cÃ³ chÆ¡i game nhÆ° tháº¿ nÃ y khÃ´ng? ğŸ¥´
train_mqvoewujrg|None
train_zcecfvgofv|VÃ¢ng, anh áº¥y tin ai Ä‘Ã³
train_gnupykcguq|Tháº£o Tráº§n ğŸ™‚ vl vl
train_qjuyozkgvb|Tuy nhiÃªn tÃ´i Ä‘Ã£ nÃ³i ráº±ng má»™t vÃ i trang hoáº£ng loáº¡n t. Oc vl
train_pczrxpqrts|TÃ´i Ä‘Ã£ sá»£ cáº£ hai tháº»
train_jhixdjmrzy|Cc :) ma Ã¡m vcl
train_ucczjjaghp|Ngá»c HÃ³a hung nhÆ° tháº¿, nhÆ°ng kh hung
train_peiktdpoca|Vy BÃ¹i bo Vy TÃ´i ngu ngá»‘c vÃ  ngu ngá»‘c :)
train_qahfgujndv|Cháº¿t tiá»‡t tháº­t
train_clmulmmtrp|Máº¹ kiáº¿p. -
train_wqhwdeyjqd|KhÃ´ng tha thá»© thÃ¬ nÃ³i xáº¥u nhÆ° chÃ³.
train_totfsanobk|None
train_iropozspvq|Ngay cáº£ khi Ä‘Æ°á»£c má»i Ä‘áº¿n toÃ n vÅ© trá»¥ Marvel bao gá»“m: NgÆ°á»i sáº¯t, NgÆ°á»i nhá»‡n NgÆ°á»i nhá»‡n. . . Vá» Mojo, tÃ´i váº«n khÃ´ng thá»ƒ tÃ¬m tháº¥y "NgÆ°á»i yÃªu". Cháº¿t tiá»‡t :) <URL>
train_ercvjhhedx|=) vl dcm bá»‹ kÃ­ch thÃ­ch
train_spqgvkykxr|nhÃ¬n vÃ o ma nunwss vl
train_dipaqdqkog|None
train_lekzyxumlx|Tommy ChÃ¢u vÃ  Hiá»n giá»‘ng nhÆ° má»™t cáº­u bÃ©. .
train_ilodaijmec|Ä‘Ã¡nh nhau, thua hÃ³a Ä‘Æ¡n, khÃ´ng thua ai. ps: dá»«ng láº¡i tÃ´i nÃ³i má»™ng du dm Ä‘á»«ng chá»­i tÃ´i
train_ukehhlegvc|Cung hoÃ ng Ä‘áº¡o thá»© mÆ°á»i ba Ã ğŸ˜¥ ğŸ˜¥ ğŸ˜¥ ğŸ˜¥ ğŸ˜¥ ğŸ˜¥ ğŸ˜¥ ğŸ˜¥ Triá»‡u Thá»‹ LiÃªn Ã­ cáº£m tháº¥y vÃ´ dá»¥ng.
train_tmwcpuchfa|Tráº§n Huy LuÃ¢n :) tÃ´i má»‡t
train_mlgedozuyk|NgÃ´i nhÃ  bá»‹ ngáº­p lá»¥t. Buá»“n vl.
train_ajmbbxvrcf|Phanh vcl :)
train_ajtnmzlxxy|Matcha phá»§ kem vÃ  cÃ  phÃª
train_hutskjsstu|CÃ´ phanh ráº¥t bÃ©o
train_xbciedlfzt|Ãnh trÄƒng gian láº­n vl =)
train_cmceolfaak|Cáº£m giÃ¡c. nt mÃ  delll thÃ¨m tli nhá»¥c vl
train_pcseuopzco|Há»£p lÃ½ vl v
train_xsbeuthzsv|Cháº¿ Ä‘á»™ Ä‘á»™c Ã¡c! . NgÆ°á»i ngu, hÃ¨n, cháº¿t!
train_nlrfnblohp|UyÃªn HoÃ ng v ho bá» Ä‘i :) Cháº¿t tiá»‡t vl :)
train_vcvyjcdvng|Äi lang thang lÃ  tháº­t, ngu vl
train_hfojmquxhp|Cháº¿t tiá»‡t hahha chuyÃªn sÃ¢u vl
train_igfdpuehah|á»’, pháº£i lÃ m sao? . LÃ  Ä‘á»ƒ che Ä‘áº­y cho vá»¥ cÆ°á»›p, Ä‘á»ƒ tÃ´i cÃ³ thá»ƒ quan há»‡ tÃ¬nh dá»¥c vá»›i Ä‘Ã n Ã´ng! . Máº¥t nhÃ , máº¥t xe vÃ¬ cÃ¡i gá»i lÃ  Ã´ dÃ¹ lol! <URL>
train_huxqipkyft|Huyá»n Anh tháº£o luáº­n khÃ´ng ghÃ©t vl
train_kobrmngjrm|Báº¡ch tuá»™c Ä‘á»™ng váº­t. Ngay cáº£ vÃ o buá»•i sÃ¡ng mÃ¹a hÃ¨ rau muá»‘ng giÃ¡ ráº» nhÆ° Ä‘á»‘i vá»›i mÃ¹a láº¡nh vl Ä‘áº¯t tiá»n
train_eiqxiegqto|Táº¡i sao Nguyá»…n HoÃ i ThÆ°Æ¡ng trÃ´ng tháº­t ngu ngá»‘c?
train_hgylrahsgf|gáº¥u bÃ´ng vcl: v khan?
train_ejzfntjloy|Nguyá»…n Thá»§y DÅ©ng, á»“, nhÆ° iem vl =)
train_adxybtmhat|Nguyá»…n KhÃ¡nh Linh khÃ´ng lÃ m Ä‘iá»u Ä‘Ã³ ná»¯a. Há»n dá»—i
train_jiiqivuonj|MÃ¡ mÃ¡: v
train_kgxycbxudb|KhÃ´ng sá»£ káº» thÃ¹. . . Chá»‰ sá»£ Ä‘á»“ng Ä‘á»™i. . . TÃ´i thá» tÃ´i Ä‘Ã£ má»Ÿ mic Ä‘á»ƒ chá»­i nhá»¯ng káº» ngá»‘c hÆ¡n tÃ´i, tÃ´i tháº­m chÃ­ cÃ²n ngu ngá»‘c hÆ¡n cáº£ báº£n thÃ¢n mÃ¬nh. Äá»“ ngá»‘c bá» Ä‘i.
train_ymrdwctsku|Thá»­ há»i trÃªn tháº¿ giá»›i nÃ y cÃ³ bao nhiÃªu kiá»ƒu Ä‘Ã n Ã´ng ngu ngá»‘c?
train_mqawmltcaw|Äáº§m =) Nguyá»…n Quá»³nh Anh <URL> G - Dragon Vietnam Fanpage. NÃ³ cÃ³ Ã½ nghÄ©a má»™t láº§n ná»¯a =). . Ã tÆ°á»Ÿng: PhÃºc LÃª. TÃ­n dá»¥ng: G - Dragon Vietnam Fanpage. # XN
train_iiddlcsznv|Ä‘á»¥ ngÆ°á»i hÃ¢m má»™ cá»©ng tá»± nhiÃªn. hÃ i vl
train_meyegwcbes|Cháº¿t tiá»‡t tháº­t vl :) \
train_mrtxveocqk|HÃ¬nh xÄƒm Piper: v
train_mxztaqtrsf|dm phi hÃ nh Ä‘oÃ n vl: v
train_hlgjcfynem|Quan Tung LÃ¢m lÃ m tá»‘t vl =))
train_etakbhtozi|NÃ o! Cá»‘ gáº¯ng lÃ m 30 cá»§ rá»“i quay láº¡i Ä‘á»‘i máº·t vá»›i má»™t sá»‘ káº» Ä‘á»§ Äƒn nhÆ° tÃ´i. Báº¡n bÃ¨ vá»›i cuá»™n. . . Cháº¿t tiá»‡t cÃ¡i gÃ¬ thÃ¢n. . . . . . . . . MÆ°á»i MÆ°á»i
train_cmanlmfkos|=) Minh Nhá»©t <URL> Nghiá»n video SG. pham Ã¡m áº£nh vl :(. # pl
train_lqyosqanip|MÃ©o mÃ³ nháº­n tháº¥y báº¡n. Báº¯n hoáº·c vl
train_wfzbybhbzz|:) ngu vl
train_brzyilqaih|Náº¿u tÃ´i thua, tÃ´i há»©a. K khÃ´ng bao giá» bay Ä‘i ná»¯a. HÃ£y há»©a vá»›i tÃ´i
train_futukdhcxs|Nguyá»…n SÆ¡n TÃ¹ng mÃª hoáº·c
train_nhbqmwamxb|Äáº¥m nhÆ° lol lÃ m tÃ´i cáº£m tháº¥y khÃ³ chá»‹u
train_emzfdimyqt|Äáº­p miá»‡ng anh chÃ ng nÃ y, chá»‰ nghÄ© Ä‘áº¿n lá»£i Ã­ch cá»§a anh ta vÃ  suy nghÄ© gÆ°á»£ng gáº¡o cho má»i ngÆ°á»i.
train_yvjsnvnjqu|Nháº£y mÃ´ng
train_eoqmwnfdcv|Tháº­t ngu ngá»‘c, tháº­t ngu ngá»‘c. Ngu ngá»‘c
train_tpjtomnpmr|LÃª Huá»³nh Lá»™c djtconme t cÆ°á»i Ä‘au bá»¥ng vl
train_qytircqkmz|Nguyá»…n Äá»©c trÃºng xá»• sá»‘
train_nfuzhlirty|ngu ngá»‘c vv: v
train_otpngyxkbp|Geek, cÃ¡ chiÃªn ngon vl
train_bnxembpxfc|Nguyenn TrÃ  Myy hÃ o há»©ng: v
train_fjyxxnnebl|ÄÃ¢y lÃ  cang na Truong Banh Táº¿t chia sáº» má»™t bÃ i. <URL> Miá»‡ng lá»›n. NhÃ³m gá»i tÃªn tÃ´i ğŸ“£. # TaitoMomzau
train_pnsaaddkhg|clmm cá»§a dáº§u, cÃ¡c báº¡n vl
train_lfuaumhoxq|Cham Nguyen dmmm ğŸ˜’ tháº­m chÃ­ khÃ´ng nÃ³i Ä‘á»ƒ gáº¯n tháº» nÃ y. DC vÃ´ duyÃªn, DC váº«n láº¥y DC. Amen. . ! ! !
train_nxzfnhycwd|NhÃ¬n ngu ngá»‘c <URL>
train_slkhivinlp|GÃ¡i nÃ³ng Vcl? ? TiÃªu chuáº©n vl kÃ©m: 3
train_rzoommfusv|Ngá»©a cu ğŸ™ƒ ğŸ™ƒ
train_mojxjyziuf|Khi báº¡n khÃ´ng thá»ƒ cÃ³ Ä‘Æ°á»£c anh chÃ ng ná». khá»‘n khá»• hÆ¡n con chÃ³
train_uzepmxdvgd|Ngá»c TÃº dit :) vl khÃ³
train_jemlnijjou|Dcm. Vui má»«ng má»™t cÃ¢u chuyá»‡n. . .
train_tlsywyqjku|Nhu Y Nguyá»…n Thá»‹ duma lÆ°u Ã½ tuáº§n
train_aaywialasu|None
train_pgizrpiqaz|PhÆ°Æ¡ng thá»©c tÆ°Æ¡ng tá»± nhÆ° t vl =)
train_ujfkfajato|Clg cÅ©ng lÃ m cho báº¥t ngá» trÃªn fan cá»©ng vl. :).
train_gnsalmdgiq|Pháº¿ liá»‡u Vl :)
train_hiqpqjfins|Huyá»n Trang lÃ  báº¡n thÃ¢n cá»§a báº¡n =)
train_pcniseuivd|ÄÃºng lÃ  má»™t sá»‘ phá»¥ ná»¯ khÃ´ng biáº¿t j nÃ³i gÃ¬ thÃ¬ j cÅ©ng hiá»ƒu cÃ´ Ä‘Æ¡n j :)
train_wqxjwuiosm|=) chÆ¡i ngu
train_dyjqvcxlsd|Má»™t con chÃ³ cÃ¡i cao 10cm
train_wueryreswk|XuÃ¢n NguyÃªn ná» vl
train_supflonuvh|Giáº£i thÆ°á»Ÿng nÃ y cÃ³ cáº¥u trÃºc láº¡ vl
train_oyepgmzzia|Äá»©c Thá»‹nh dm phá»Ÿ vl
train_bfogqbnlii|Duma cÆ°á»i
train_gjdiuxtdqr|Kiá»‡t sá»©c nhanh chÃ³ng :)
train_ijfdecktkz|Line Minh Do bl nghe lol cáº§n báº¥t cá»© Ä‘iá»u gÃ¬ chuyÃªn nghiá»‡p tÃ¬m tháº¥y nÃ³ hoáº·c nÃ³i tá»‘t. . . . Nghe nhÆ° lol, nghe cÃ³ váº» nhÆ° lol
train_phixdtiunm|TÃ´i khÃ´ng cÃ³ ai trong lá»›p mÃ  tÃ´i khÃ´ng quan tÃ¢m ngoáº¡i trá»« giÃ¡o viÃªn chá»§ nhiá»‡m cá»§a tÃ´i â€ ğŸ« ğŸ‘© â€ ğŸ«
train_vonydeykvh|Nguyá»…n Thá»‹ MÃª chÃ­nh xÃ¡c lÃ  nhá»¯ng gÃ¬ Ä‘Ã­ch Ä‘áº¿n. . . Viáº¿t ngu
train_zgsaafmrwz|Ngay khi anh ta lÃªn tiáº¿ng, anh ta trÃ´ng nhÆ° bá»‹ há»ng
train_jpzfnhpjwy|Cháº¿t tiá»‡t, vl :)
train_epkfmtthkd|Cháº¿t tiá»‡t láº§n ná»¯a :)
train_kdceixftif|Niá»m vui chÃ³ v: v
train_ucxymfbrmv|Dm Ä‘á»c mÃ  á»©c cháº¿ vl
train_pgolkeaair|Äm Ä‘Æ°Æ¡ng nhiÃªn máº¥t 100 triá»‡u. . . phanh vl
train_jswdiffzit|Dummy t cÆ°á»i taaaaaa :) giáº£ vl
train_rxtklkpymm|Chá» Ä‘á»£i quÃ¡ má»©c so vá»›i ThanÃ³vl
train_uuljkagusq|Káº¿t hÃ´n vá»›i ai? Äá»¥ con, nghÄ© Ä‘áº¿n viá»‡c láº¥y chá»“ng nhÆ° thá»ƒ há» Ä‘i chá»£ nháº·t rau. Náº¿u báº¡n khÃ´ng cÃ³ gÃ¬ Ä‘á»ƒ Äƒn, báº¡n cÃ³ thá»ƒ láº¥y nÃ³ táº¡m thá»i khÃ´ng? <URL>
train_iyyotmucnt|None
train_vbtwwnvcjm|ÄÃ´i máº¯t chá»‰ Ä‘á»ƒ trang trÃ­ ditmem =]
train_rplyeozmnn|Dm, cÃ¢m vl -. -
train_esnjmlbjdl|L lÃ¢u lÃ¢u, 2 láº§n uá»‘ng, L luÃ´n uá»‘ng nk ğŸ˜¢ PhÃºc LeÃ­with NeymÃ£Ng Äáº¡i VÆ°Æ¡ng.
train_rdilqjwcjf|Chá»‰ trÃ­ch. Vui má»«ng má»™t cÃ¢u chuyá»‡n
train_loivgcicsc|dcm há»—n há»£p vcl =)))
train_ejpltknqhg|ChÆ¡i thá»ƒ thao chuyÃªn nghiá»‡p táº¡i VN bland vl
train_oauhwtmkhq|Tháº£m vl :)
train_yiqmikxymb|ÄÃ³ lÃ  má»™t lá»i nÃ³i dá»‘i!
train_lywnconarj|Dm sá»£ mÃ³n nÃ y vl - _ _
train_hyjhjiytbc|Äáº±ng sau má»™t cÃ´ gÃ¡i tá»©c giáº­n lÃ  má»™t chÃ ng trai khÃ´ng biáº¿t mÃ¬nh sai á»Ÿ Ä‘Ã¢u ğŸ˜ ğŸ˜ ğŸ˜ ğŸ˜ Thá»‹ VÃ¢n BunÃ´ngÃ­f cáº£m tháº¥y ghÃª tá»Ÿm.
train_nopclwbevf|TÃ´i hiá»ƒu táº¡i sao nÃ³ bá»‘c mÃ¹i, nhÆ°ng cha tÃ´i muá»‘n hÃºt thuá»‘c. TÃ´i khÃ´ng hiá»ƒu
train_dsextedolp|CÃ¡ch chÆ¡i lÃ  mÃ£i mÃ£i vÃ  trÃ² chÆ¡i pháº£i cÃ³ Ä‘iá»ƒm dá»«ng. TrÃ² chÆ¡i cá»§a tÃ´i á»Ÿ Ä‘Ã¢y lÃ  káº¿t thÃºc. TÃ´i khÃ´ng hiá»ƒu chim cÃºt Rom <URL>
train_gomgftslem|Há»™i chá»©ng sá»£ hÃ£i Há»™i chá»©ng sá»£ Ä‘iáº¿c vm
train_cgsgknpodf|TÃ´i há»c. Tháº­t lÃ  buá»“n lol
train_tyfybhvbtf|NhÃ¬n vÃ o logo pvb Ä‘Ã¡ng ghÃ©t vl :)
train_ilmwdcqycn|ÄÃ¢y khÃ´ng pháº£i lÃ  má»™t fan cá»©ng
train_mpgvohyntq|Táº¥t cáº£ cÃ¡c thÃ nh pháº§n cá»§a phÃ¢n. Tháº¥t vá»ng VÄƒn Em báº¥t háº¡nh PhÃºc Lá»™c - DÆ°Æ¡ng Kinh - Háº£i PhÃ²ng.
train_yndktqdggy|Äá»«ng nghÄ© tÃ´i ngu ngá»‘c :), tÃ´i lÃ  ai mÃ  ngá»‘c tháº¿? <URL>
train_crctleyamp|BÃ¡n má»™t sá»‘ máº¹ yÃªu cáº§u tÄƒng lÆ°Æ¡ng, truy cáº­p vl
train_nddualybfx|BÃ¡c bÃ¡n háº¿t lá»— Ä‘Ã­t vl
train_locrsubnaf|ai biáº¿t Ä‘Æ°á»£c, tÃ´i sáº½ nÃ³i vá»›i báº¡n, anh chÃ ng nÃ³i láº¯p lÃ  má»™t tÃªn khá»‘n cháº¿t tiá»‡t cháº¿t tiá»‡t cháº¿t tiá»‡t thá»±c sá»± cháº¿t tiá»‡t bh hoang ğŸ˜• ğŸ˜• <URL>
train_vdgrwbufbx|KhÃ¹ng. : v
train_slbqgeemuu|TÃ¢m Nguyá»…n sá»£ Ä‘Ã n Ã´ng.
train_jotibguyue|Tháº­t lÃ  dá»‘i trÃ¡ :)
train_zquuyeucbf|Xáº¥u thÃ¬ xa. ngu vl
train_skuptmwtyi|ThÃ¹y Trang thch, ngá»©a thá»•i vl
train_mbjabtdgmm|Trang Nguyá»…n quÃ¡ nhiá»u
train_jpklhlttpn|Ná»—i Ã¡m áº£nh Ã¡m áº£nh vl
train_citwaljdha|Äá»©c Cuaa táº¯t lá»­a
train_vbdhssfaxk|TÃ´i khÃ´ng gáº·p khÃ³ khÄƒn vá»›i nhá»¯ng ngÆ°á»i hÃ¢m má»™ khÃ³ tÃ­nh. Vl
train_ngcovrtinb|Hay tÃ´i sáº½ thá»• lá»™ tÃ¬nh yÃªu cá»§a mÃ¬nh vá»›i ngÆ°á»i yÃªu vÃ  tÃ¬m láº¡i nÃ³? Bá» lá»¡ nhÆ°ng dm khÃ´ng ká»‹p báº¥m mÃ  sáº½ thá»­ moi =). Ngá»‘c hihi
train_pnafcrtsel|Xin há»i thÃ´ng tin
train_lwbbwydhzq|PhÆ°Æ¡ng Quyáº¿t váº«n bÃ³p mÃ©o ai yÃªu, cÃ³ tá»™i vl =))
train_ywacmlyopj|LÆ°Æ¡ng Má»™c TrÃ  tá»‘t nghiá»‡p tá»« thÃ nh phá»‘ Há»“ ChÃ­ Minh
train_gyusfvjnaf|: v deo cÃ³ thá»ƒ
train_qtazpcbwda|NhÃ¢n loáº¡i Ä‘Ã£ sá»‘ng :)
train_mbptibrrtl|Khi anh trai yÃªu cáº§u tÃ´i kÃ©o lÃªn, hÃ£y nhÃ¬n vÃ o khuÃ´n máº·t mÃ©o mÃ³ <URL>
train_ndmxbdretw|Dummy ct lump phiÃªn báº£n vl
train_cdktqfrfgr|Chá»«ng nÃ o cha báº¡n cÃ²n cÃ³ thá»ƒ vÆ°á»£t qua thá»i gian nÃ y, Ä‘á»¥ máº¹ báº¡n Cuá»™c sá»‘ng cá»§a báº¡n lÃ  lol cÅ©? ? ?
train_lvxtyksboa|Tráº§n KhÃ¡nh VÃ¢n clm :) cÆ°á»i vl
train_hzzktjisfc|Bia cÃ³ háº¡i vl: 3
train_rxhufciaki|Äiá»‡u nháº£y má»›i lÃ  má»›i vÃ  quan trá»ng, hÃ£y káº¿t hÃ´n ^^ ChÃºc táº¥t cáº£ cÃ¡c báº¡n vÃ  ngá»«ng má»i chÃ o ğŸ‚ ğŸ‚ <URL>
train_swpuulyyzt|Buá»“n quÃ¡ . Dm buá»“n vl :(
train_phzkitodbp|A. m nhÆ° má»™t Ä‘á»©a tráº» tá»« xa vl vl
train_qankicroso|Hai Myy bá»±c mÃ¬nh vl =)
train_oxteewxikb|Nhá»¯ng tá» bÃ¡o nháº£m nhÃ­ Ä‘Ã³ khÃ´ng nháº­n Ä‘Æ°á»£c hÃ¬nh áº£nh á»Ÿ nhá»¯ng nÆ¡i khÃ¡c cÃ³ cÃ¡ máº­p nhÆ°ng há» Ä‘Ã£ Ä‘Äƒng má»™t chia sáº» bay cx vÃ  nguyá»n rá»§a há» ak ngu vcl
train_eqbxjmmprx|VÃ¬ váº­y, báº¡n Ä‘Ã£ nhÃ¬n tháº¥y 2 cuá»™n vÃ  sau Ä‘Ã³ bÃ¡n vÃ© sá»‘ Ä‘á»ƒ lÃ m giÃ u, cáº­u bÃ© giÃ  lol.
train_mfafzokass|Nghe cÃ³ váº» nhÆ° váº­y
train_mfehogodyh|Ã”i disme lÆ°u huá»³nh PhÆ°Æ¡ng
train_yhdwfbchhq|Hi dÃ i sá»«ng vl
train_iwqekiulbb|TÃ´i khÃ´ng cÃ³ má»™t cuá»™c gá»i Ä‘iá»‡n thoáº¡i
train_otmqcseapr|Äáº¿m nhÆ° vl
train_jicehlvatq|Vá»£ má»›i tá»‰nh dáº­y vl.
train_ptjhxqxbgz|KhÃ¡nh Huyá»n thá» sáº½ cÆ°á»i vÃ o vl
train_lxxttrwfjc|NÆ°á»›c máº·n vl =)
train_ofavqxorcb|Náº¿u cÃ¡c báº¡n cÃ³ nháº­n thá»©c tháº¥p, cÃ¡c báº¡n sáº½ tranh cÃ£i vÃ¬ báº¡n pháº£i tin vÃ  kÃªu cá»©u :) :) nÃ³i chuyá»‡n vui vl
train_ujiufpllho|TÃ´i khÃ´ng thá»ƒ tranh luáº­n vá»›i Ä‘iá»u Ä‘Ã³ bá»Ÿi vÃ¬ nÃ³ cÃ³ Ã½ nghÄ©a
train_gmoofauixb|Sá»‘ lÆ°á»£ng Ronaldo t nÃ³i chuyá»‡n táº§m phÃ o
train_sbnqydtqlg|CÃ¡nh gÃ  trá»Ÿ thÃ nh quá»·. TÃ´n trá»ng cáº·p nÃ y
train_carzxxzvko|K Ä‘á»“ng Ã½ sau Ä‘Ã³ khÃ´ng káº¿t hÃ´n, nhÆ°ng náº¿u káº¿t hÃ´n, báº¡n pháº£i yÃªu nhau.
train_epqcsuwzrt|Máº·t cháº¿t tiá»‡t vl: v
train_vfghgcubct|KhuÃ´n máº·t anh chÃ ng trÃ´ng nham hiá»ƒm.
train_znszgoybkf|Nguyá»…n Thá»‹ Kim YÃªn khÃ´ng tá»‘t vÃ  cháº¿t tiá»‡t
train_yrxiexzmxc|cháº¥t lÆ°á»£ng vcl :)
train_wejtcirflf|Gáº§n Ä‘Ã¢y, phong trÃ o lÃ  phÃ¡t hÃ nh clip trá»±c tuyáº¿n, pháº£i khÃ´ng? Máº¡ng lÆ°á»›i ğŸ¤” ğŸ¤” Nguyá»…n Ni Na Ã­with Nguyá»…n NiNa.
train_tcyyfaoqfj|GiÃ¡o viÃªn khÃ´ng Ä‘á»c ká»¹ bÃ i há»c. . . Cháº¿t tiá»‡t lol
train_qekxwnhbdj|MÃ¡ nghá»‹ch ngá»£m :) hoáº·c vl
train_yxomsvwvhl|None
train_jdslgbppxg|Cl j cÅ©ng cÃ³ tá»‘t. Vcc. Vl cá»©ng
train_qxduzgfwil|Báº¡n tháº­t ngá»‘c, Mario! ! URL <URL>
train_csabvzxaki|Dm tháº¥y MU thi chan vl
train_icfwgvuirc|Cháº¿t tiá»‡t :)
train_mtawwdjxxg|Äá»“ng cáº£m vá»›i m. NhÆ°ng Ä‘Ã³ lÃ  ngu ngá»‘c. TÃ´i ngu ngá»‘c nhÆ°ng tÃ´i cÅ©ng ngu ngá»‘c :)
train_ktstphadvn|Fan vs fan thua vl =)
train_vhcyfonmpp|ÄÃ n Ã´ng Thá»§y trÃ´ng tháº­t ngu ngá»‘c :)
train_twrsrryiph|Buá»•i sÃ¡ng niá»‡m Pháº­t tá»‘i tÄƒm
train_jrqxujrkfh|á»’ vcl. :)
train_jgqfepbfgd|ÄÃºng
train_vjaqkclanu|KÃ­ch thÃ­ch vl = ()))))) Ducc Viett
train_qbvzjecjzp|Bá» rÆ¡i thá»©c Äƒn tráº» :) Vinh VÃµ <URL> Hiá»‡p. Ã”i cháº¿t tiá»‡t. . . . @ áº¢nh FB
train_mfaconqwoe|Äau rÄƒng Dume vl :(
train_odvvacpblv|Äss t chá»‰ tÃ¬m tÃªn Äáº¡t, bá»‹ Ã¡m áº£nh vl: v
train_kyefothvcx|Máº¹ kiáº¿p :)
train_jyirofdlot|KhÃ´ng nyc huhu buá»“n vl
train_rasgfoputp|LÃ m báº¥t cá»© Ä‘iá»u gÃ¬ thá»±c sá»± má»‡t má»i. . Tháº­t lÃ  má»™t ngÆ°á»i ngá»§ ngu
train_unolxgokwg|Quang Linh Ä‘Ã£ Ä‘áº¡t Ä‘Æ°á»£c dá»‹ch vá»¥ tá»‘t nháº¥t
train_tggphtzvmr|Dmm ngu vl :)
train_bhjcwqwywk|None
train_zghuuucazi|Candy Beira chá»‰ lÃ  ngÆ°á»i nhanh nháº¹n nhÆ°ng trÃ´ng ráº¥t ngu ngá»‘c :)
train_muzretkpar|Háº£i Háº£o HÃ²a CC dá»‘t nÃ¡t
train_yupovlxawn|Anh chá»‹ em sá»‘ng vá»›i nhau vÃ¬ tÃ¢m trÃ­, nhÆ°ng khÃ´ng sá»‘ng má»™t mÃ¬nh báº¡n bÃ¨! <URL>
train_lxwmlelnpz|Barney Ross cÃ³ má»™t sá»‘ kkkookkkkkkkk giáº£i trÃ­ koooo
train_hjalhdmcfq|TÃ´i Ä‘Ã£ Ä‘áº¿n Ä‘Ã³ng bÄƒng :( láº¡nh
train_kvefcpamlv|LÃ½ PhÆ°Æ¡ng nwngs vl
train_yjvvbpipry|Cháº¿t tiá»‡t ns, sao nÃ³ tá»« chá»‘i lÃ m nhá»¥c
train_tigayknqho|None
train_nbukwufghy|Len Tráº§n Ä‘au Ä‘áº§u vcl
train_ksdhhhxgwh|Äáº¹p nhÆ°ng Ä‘iÃªn
train_ldfzwcxgom|LÃª Thu Thá»§y Ä‘m. quÃ¡ nhiá»u :)
train_adypnvaoif|TÃ´i cÅ©ng cÃ³ Ã½ Ä‘á»‹nh giao dá»‹ch. NhÆ°ng táº¡i thá»i Ä‘iá»ƒm Ä‘Ã³, khi tÃ´i buÃ´ng tay, tÃ´i khÃ´ng muá»‘n cÃ³ má»™t máº£nh váº£i che thÃ¢n.
train_ulihcvaqcq|Dkm báº¡n cuá»™c sá»‘ng, tÃ´i cÅ©ng sá»£ báº¡n. . . ğŸ˜ ğŸ˜ ThÃ¢n thiá»‡n thÃ¢n thiá»‡n Ã­ cáº£m tháº¥y Ä‘iÃªn rá»“. <URL> BÃ i Ä‘Äƒng thÃ¢n thiá»‡n cá»§a PhotÃ³from
train_xawbydowhy|Báº¡n ráº¥t thÃ´ng minh. . . káº» ngá»‘c!
train_sxmrtrkasf|Chi Linh Nguyen, htrc thÃ¬ má»‡t hÆ¡n =) Cháº¿t tiá»‡t chÃºng tÃ´i
train_ydyphvheza|Vl kinh khá»§ng, nghÄ© máº¥y thÃ¡ng trÆ°á»›c vl bÃ¡n xÄƒng vl
train_zldstbkqoj|TÃ´i nhá»› bÃªn ThÃ¹y Trang Nguyá»…n Ä‘ang tÃ¬m ai Ä‘Ã³ Ä‘á»ƒ cá»©u Ä‘á»©a tráº» nÃ y? Táº¡i sao bÃ¢y giá» báº¡n láº¡i chá»­i nhÆ° má»™t con chÃ³? ? ?
train_bdhvtmcaqm|VÃ¢ng Ä‘Ãºng váº­y
train_bijmolxncc|Thanh An khÃ³ á»Ÿ vl: v
train_rhxkfzxxba|Tráº§n Thá»‹ Má»¹ DuyÃªn <URL> Máº·n. . Vl =
train_qgteuyjgti|Khang Tráº§n vcl :)
train_jvpeftmjtd|Cháº¿t tiá»‡t báº¥t thÆ°á»ng l
train_rrszhdeynu|HoThi Ngá»cYen cÃ³ dcm :) nhÆ° vl :)
train_ivskwwllvz|Lam :) Theo 4 nÄƒm kinh nghiá»‡m, tÃ´i Ä‘Ã£ giÃ nh Ä‘Æ°á»£c phÃ²ng cuá»‘i cÃ¹ng vÃ¬ tÃªn TrÃ¢m nhÆ°ng thÆ°á»ng thÃ¬ phÃ²ng cuá»‘i cÃ¹ng cÃ³ ráº¥t nhiá»u ngÆ°á»i thá»±c sá»± giá»i há»c ngu ngá»‘c :)
train_qqdixlzioe|NguyÃªn soÃ¡i chuáº©n cá»§a vl
train_zvhdukrgyo|Cc cc ngu ngá»‘c. Äá»«ng ngu ngá»‘c <URL>
train_olorlkrtjt|Nguyá»…n LÆ°Æ¡ng Thá»§y Diá»‡u TrÆ°á»ng há»c ngu ngá»‘c cá»§a tÃ´i! ! !
train_pybxtjktml|GÃ  vl :)
train_lywrqoqeyx|chá»‰ trÃ­ch. LiÃªn quan Ä‘áº¿n Vl ra :)
train_dcsriglpog|Tráº§n Quá»‘c Huy, ngÆ°á»i thua 3 bÃ n, váº«n sá»§a sá»£ tÃ´i
train_fgnrkeykok|TÃ´i cÅ©ng má»‡t má»i vÃ¬ báº¡n
train_gqurxbashu|Há» nÃ³i ngu nhÆ° chÃ³ nhÆ°ng thá»±c ra khÃ´ng pháº£i chÃ³ ngu, chá»§ cá»§a nÃ³ ngu :)
train_yeqestisgk|Dcm. NÃ³ há»£p vá»›i Danh HoÃ ng vl
train_pohxliywit|Äá»™i hÃ¬nh sw game 4 tÃ¹ vl
train_fipelglptf|CÃ³ láº½ khÃ´ng Ä‘á»§ chym sao chÃ¢u Ã nÃªn xg mÆ°Æ¡ng nhÃºng thÃªm hÆ°Æ¡ng vá»‹
train_xdyedxhpsn|Clm vá»— tay vl =)
train_gxeqzqxgbe|Tay chÃ¢n xáº¥u vl Ä‘i lÃ m mÃ³ng tay vl :)
train_ofaciwtkrs|NgÆ°á»i lÆ°á»¡ng tÃ­nh thá»±c sá»± -)))
train_vcczwtsslp|Thanh ğŸ˜† Nguyá»…n Thanh - vá»›i PhÆ°Æ¡ng Tháº£o. <URL> Miá»‡ng lá»›n. NhÃ³m gá»i tÃªn tÃ´i ğŸ“£. # TaitoMomzau
train_bwudsgqolx|tá»‘t, báº¡n cÃ³ tháº¥y gp moto khÃ´ng, báº¡n khÃ´ng cáº§n pháº£i kÃ©o háº¿t ga, nhÆ°ng kÃ©o khi con ngá»±a gáº§n nhÆ° má»‡t má»i, hÃ£y Ä‘á»ƒ nÃ³ nghÄ©, huh, váº·n ga, lol ... :)
train_oblrjyizhq|=) NhÃ¬n vÃ o kÃ©o kÃ©o.
train_ogcmeaoycd|á»’ vÃ¢ng. . M ngang vl ra
train_btuhvzwfiu|Thá»§y TrÃ¢m clm thÃ¨m vl
train_puduykoiyh|NÃ³ Ä‘Æ°á»£c táº¡o ra Ä‘á»ƒ quáº£ng cÃ¡o ráº±ng nÃ³ bÃ¡n Ä‘Ã¨n nhÆ°ng nÃ³ khÃ´ng Ä‘Æ°á»£c sá»­ dá»¥ng Ä‘á»ƒ nguyá»n rá»§a :)
train_wjrbbwbsnu|ÄÃ£ bao nhiÃªu láº§n tÃ´i bá»‹ cáº£nh sÃ¡t giao thÃ´ng báº¯t giá»¯ TÃ´i Ä‘Ã£ há»c Ä‘Æ°á»£c má»™t kinh nghiá»‡m, khi tÃ´i bá»‹ báº¯t Ä‘á»«ng láº¡nh vÃ  rÃºt Ä‘iá»‡n thoáº¡i ra Ä‘á»ƒ há»i lol ğŸ», khi khÃ´ng cÃ³ cÃ¢u chuyá»‡n, tÃ´i sáº½ luÃ´n má»Ÿ má»“m. cc ğŸ» ğŸ» Ä‘á»«ng cÃºi Ä‘áº§u xin vui lÃ²ng, xin hÃ£y nháº¹ nhÃ ng khÃ³c xuá»‘ng má»™t chÃºt
train_rxopozmvep|káº¿t quáº£ cháº¥t lÆ°á»£ng hÃ ng Ä‘áº§u vl!
train_ptchkwpojh|Ká»· NguyÃªn Cao tin ngÆ°á»i vl
train_zjcgjtirhd|Cháº¿t tiá»‡t ngá»©a máº·t :(
train_ujkpwiewxi|MÃ¹i cay . :) Nguyá»…n VÄƒn HÃ¹ng cáº£m tháº¥y chÃ¡n náº£n.
train_fvnxizzees|ÄÄ©
train_nxawtutwom|Máº·t ngu vl: v
train_sfnnnhtyvu|Cháº¿t tiá»‡t nhÆ° tÃ´i vl :)
train_sdgfujohlo|HÃ ng Thu Nguyá»…n lÃ  Ä‘iÃªn
train_jfpnzfaeac|Vcd t nÃºi sao sá»± nghiá»‡p ğŸ˜ quÃ¡ nhiá»u vl
train_tvcwfjbbtq|Dá»‹ á»©ng vl. .
train_rzelktmsym|Hiá»‡u suáº¥t cao Phu vl Ä‘áº·t vá»‘n :)
train_tnbdvntmbk|ChÆ¡i game vá»›i nhá»¯ng ngÆ°á»i nhÆ° váº­y á»©c cháº¿ vl
train_wonkivkkas|Dm tao lan lan tÃªn vl
train_bltlvpcclw|Vá»£ tÃ´i lÃ  má»™t cÃ´ Ä‘Æ¡n má»™t tuá»•i ğŸ˜ ğŸ˜ ğŸ¤£ ğŸ¤£ ğŸ¤£ nhÆ°ng tÃ´i sá»£ vá»£ tÃ´i
train_ebahxmndep|HoÃ ng náº±m máº·t vl
train_ksffcjjbgp|LiÃªn káº¿t chip vl
train_jrvcllzjky|Triá»‡u. T hong Ä‘cm nhÆ° Ä‘áº­u phá»¥ vl :)
train_qqwflbgqmp|CÃ¡c báº¡n báº©n
train_krexbikjdr|Vcl 119 cháº¿t tiá»‡t
train_xzpinquhht|Tri Nguyen qua cha Ä‘Ã£ tháº¥y ngÆ°á»i báº¡n lÃ¡i xe vÃ o vÃ  tÃ´i Ä‘áº¿n gáº§n Ä‘á»ƒ la máº¯ng báº¡n
train_ftycklkooi|Kaka tÃ´i khÃ´ng cÃ³ gÃ¬ Ä‘á»ƒ nhÃ¬n
train_vvamwxaner|Cháº¿t tiá»‡t vl :)
train_sxsbqcoumr|Ãšt Nam xáº¥c xÆ°á»£c
train_mjgmrttuie|None
train_pmukphpybg|HÆ° há»ng vl. InbÃµ :)
train_mkuwkiulky|HoÃ ng KhÃ¡nh Huyá»n vÃ  k ngá»«ng Ä‘á»¥ báº¡n hÃ ng ngÃ y cho Ä‘áº¿n khi dáº¡ dÃ y cá»§a há» lá»›n lÃªn Ä‘á»ƒ trá»‘n thoÃ¡t =)
train_bjdfmtbcck|HoÃ ng KhÃ¡nh khÃ¡c vá»›i mmd
train_dotdikxhsi|Báº¡n Ä‘á»™c thoáº¡i ah. vc ngu ngá»‘c
train_eulpwllufg|TÃ´i ghÃ©t nÃ³.
train_yeyiizzyjc|Báº¡n muá»‘n nÃ­n thá»Ÿ. Ä‘á»‰nh dkm
train_rvhxgovreh|IvanDac Thá»‹nh @ @ dm vl thá»
train_hvuiiuqqgb|ngÆ°á»i chÆ¡i dm IQ vÃ´ cÃ¹ng
train_bgzooqxqhl|dduma. . . cÆ°á»i thÃ nh tiáº¿ng. . . : v
train_ibxhmllckl|Duy MÃ£Ä‘mm vl thá»
train_qisdqvyoxs|None
train_csxvyjafze|3 Ä‘iá»ƒm vl :)
train_uepagkcrji|Nguyá»…n Tháº¿ Anh chÆ°a bÃ¬nh luáº­n xong.
train_trixglmiyi|DÃ¹ cÃ³ giáº­n ai, má»i ngÆ°á»i váº«n pháº£i xin lá»—i, dm tao FA ÄÃ¢y khÃ´ng cÃ²n lÃ  tÃ¬nh yÃªu ná»¯a <URL>
train_onyqywptvi|Loan Bá»‘ng cháº¿t tiá»‡t mÃ©: v
train_htfgovujou|Cmt nhiá»u vl ra
train_ebwihnjvja|Nguyá»…n Trung Hiáº¿u tháº­t ngá»‘c
train_gugsqjuolj|Ã”ng PlÃºkháº¯m vl
train_jbbtpkpipc|TÃ´i nghÄ© ráº±ng tÃ´i lÃ  má»™t vá»‹ tháº§n. . . KhÃ´ng cÃ³ gÃ¬ lÃ  ngu ngá»‘c
train_elfrplikot|Táº¡m thá»i cháº¥p nháº­n báº¡n nhÆ°ng tÃ´i biáº¿t s h =) Lanh Nguyen <URL> TÃ¬m kiáº¿m Showbiz. CÃ¢u nÃ³i Ä‘Ã£ Ä‘Ã¡nh báº­t táº¥t cáº£ nhá»¯ng lá»i nÃ³i máº­t ong :). . Cre trÃªn pic
train_fnkjbcywoe|None
train_axdcaxhmqw|Trá»ng Thá»§y :) nÃ³ há»£p lÃ½ vl
train_rozhktuakx|Äáº·t khe HoÃ ng Hiá»n <URL> Miá»‡ng lá»›n. NhÃ³m gá»i tÃªn tÃ´i ğŸ“£. # TaitoMomzau
train_ttghxjiyfu|Phim sÄƒn thÃ nh phá»‘ Ä‘Ãªm vl =)
train_aredqgqwaq|Cáº±m cháº¿t tiá»‡t nhÃ¬n vl sá»£.
train_quvrwrxscr|Äá»‹nh má»‡nh cl :)
train_tcmvbndbew|TÃ³c cá»§a chÃºng ta cÃ³ mÃ¹i thÆ¡m: :)
train_figcjhehnd|TÃ´i khÃ´ng cÃ³ Ã½ Ä‘Ã³ lÃ  báº¡n theo tÃ´i. ğŸ¤£. # MV _ Xa _ Báº¡n. # Minh _ VÆ°Æ¡ng # Du _ ThiÃªn. ğŸ‰ ğŸ‰. LiÃªn káº¿t Ä‘áº§y Ä‘á»§: <URL> <URL>
train_rujpfrmzqu|CÃ¡i tÃªn ráº¥t phá»• biáº¿n gáº§n Ä‘Ã¢y
train_xhcfigjpfo|Cháº¿t tiá»‡t vl ráº¥t khÃ³ chá»‹u
train_nvdmkllbhq|Mnc Mnl duma ráº¥t tá»‘t
train_jdatgcgxck|con lá»£n gÃ¬: v
train_ffygrdqssa|du mÃ¡. Cháº¥t lÆ°á»£ng cao
train_bjeiaoywws|LÃª Vinh khÃ´ng thÃ´ng minh.
train_fqzadbrdhu|TÃ´i nhá»› nyc vl :)
train_rabgknnedt|Easy z pháº£i lÃ  "" si multi "" r ghÃ©t cuá»™c sá»‘ng cho tÃ´i, d ngu
train_lefggueubo|Xu hÆ°á»›ng nháº¡t hÆ¡n vl
train_rkeiggezsf|CÃ³ tiá»n Ä‘i báº±ng Ã´ tÃ´. NhÆ°ng quen o nhÃ .
train_byxrkzekin|Dm tÃ¡t thÃ´ng bÃ¡o nÃªn quÃªn
train_dfktpkfjkc|F * m * nÃ³ Ä‘Ã£ khÃ´ng bá» lá»¡ buá»•i khai máº¡c ğŸ˜¢ Vl fan
train_awcmsvcxtb|HÃ¹ng Nguyá»…n Viá»‡t vl hjxxx
train_taavbiyhnq|Triáº¿t lÃ½ nÃ y vl
train_eppcyhjsyi|ChÃ¡n Ã¡p lá»±c thá»±c sá»±. TÃ´i khÃ´ng biáº¿t táº¡i sao ná»—i buá»“n cá»§a tÃ´i khÃ´ng tá»‘t cho tÃ´i
train_xmufnxkocq|buá»“n vl buá»“n vllllll Ä‘mbnl Ä‘mmdmmdmd
train_gbfwxjbxhe|Qq khÃ´ng khá»e 3. Ai náº¥u Äƒn, nhÆ°ng khÃ´ng thá»ƒ náº¥u Äƒn
train_opfgtoijqh|TÃ´i khÃ´ng hiá»ƒu táº¡i sao ctay xay
train_kaubafehdc|ny, tÃ´i khÃ´ng cÃ³, tÃ´i khÃ´ng cÃ³ sá»«ng :) vui vl
train_csawsgzzus|Pháº¡m VÆ°Æ¡ng Linh Ä‘i xuá»‘ng Diá»…m VÆ°Æ¡ng. Anh ta khÃ´ng nháº§m Ä‘áº§u trÃ¢u vÃ  ngá»±a trong tÃ¹. VÃ¬ Ä‘á»‹a ngá»¥c cÃ²n hÆ¡n cáº£ nhÃ  tÃ¹. cÆ°á»i ngáº£ nghiÃªng
train_ankprjymzs|CÃ¹ng nÄƒm. ChÃ¡n VL
train_zikvramgbu|Sá»‘ng trong tháº¿ giá»›i, Ä‘á»«ng quÃ¡ kiÃªu ngáº¡o, vÃ¬ cuá»™c sá»‘ng nÃ y khÃ´ng ai sá»£ ai cáº£. <URL>
train_hufohdpwsz|ÄÃ o shit: v
train_nnnwahyhnn|Cháº¥t Vcl: 3
train_twphljetpf|Vl thÃ´ nhÆ°ng thá»±c
train_mkdmqafoid|"" Báº¡n pháº£i bÃ¡n "" nhÆ° Dm
train_pvstrqmhwi|Cáº£ ngÃ y Ä‘áº§y chuyá»‡n buá»“n, rá»“i Ä‘iá»‡n thoáº¡i vá»¡ tan, rá»“i máº¥t ngÆ°á»i muá»‘n chá»­i vc.
train_pikkwtxszc|nghe cÃ³ váº» má»‡t má»i "" ":)
train_lqfwgfaixq|Thu Hiá»n <URL> Cháº¡y YoLife. nhÃ¬n máº·t tÃ´i vl =)))
train_tjyejiyjhr|Man King coi thÆ°á»ng vl
train_xgvzcxytag|DÃ¡m Ä‘á»ƒ káº» máº¯t loáº¡i bá»
train_ohkfsawbet|Báº¡n Ä‘Ã£ nguyá»n rá»§a tÃ´i
train_kxclclenbq|Sau khi káº¿t thÃºc pooping, shit
train_fneuzwtttc|TÃ´i ghÃ©t nhá»¯ng ngÆ°á»i nÃ³i vl nÃ y
train_uffllgoatl|ÄÃ n Ã´ng Ã­t nhiá»u Ä‘Æ°á»£c tÃ´n vinh. CÃ³ bao nhiÃªu ngÆ°á»i trÆ°á»›c lá»… cÆ°á»›i. LÃ  cbi mÃ  gáº¡t tay ra. LÃºc Ä‘Ã³, cÃ¡c cÃ´ gÃ¡i cÃ³ hiá»ƒu cáº£m giÃ¡c Ä‘Ã³ khÃ´ng? Cháº¿t tiá»‡t, tÃ´i khÃ´ng hiá»ƒu kkk
train_fkzjowtjao|Quáº£ng cÃ¡o nÃ³i ráº±ng t. . tiÃªu chuáº©n dm vl
train_zgkrthgerv|Cháº¥t lÆ°á»£ng cm vcl: v
train_dcxsjzgzag|Tá»« 78 pounds Ä‘áº¿n 102 pounds. Cháº¿t tiá»‡t
train_tjamwxeduk|Bá»‹ khÃ³a like, cay vl
train_wafhcofiey|Tula cÅ©ng tháº­t kinh tá»Ÿm :)
train_nzwfbmcjqi|ÄoÃ n Viá»‡t HÃ¹ng khÃ´ng muá»‘n Äƒn. . Láº¥y bÃ¡c á»Ÿ Ä‘Ã¢u. . LÃ£o hÃ³a vÃ  bÃ¬nh an tuá»•i giÃ . . Ä‘á»ƒ tráº» nguyá»n rá»§a
train_bvpnrojuim|HoÃ ng YÃªn tháº­t kinh tá»Ÿm
train_stzwermnmr|VÃ¢n LÃ¢m Pháº¡m dm ha vl :)
train_wxdcmrgqmc|CÅ©ng muá»‘n cÃ³ ngÆ°á»i cÃ£i nhau vl.
train_mmfnzlgmco|BuÃ´n gkÃª :) nháº¯n tin cho anh áº¥y trÃªn tÃ i khoáº£n Facebook cá»§a tÃ´i vÃ¬ cuá»™c sá»‘ng nghÃ¨o khÃ³ cá»§a tÃ´i :(
train_ljwtwclxlx|TÃ´i cÃ³ thá»ƒ thÃ­ch hÃ¬nh áº£nh mÃ  tÃ´i Ä‘Ã£ táº¡o cm <URL>
train_rcmwfwlqoo|Tráº§n Quá»‘c lÃ  má»™t con chÃ³ cÃ¡i
train_vgbifylxnj|Máº¹ Ä‘á»¥ vÃ i trÄƒm ngÃ n 1 kÃ½, Ä‘Ã´i khi khÃ´ng cÃ³ tiá»n mÃ  Äƒn á»Ÿ Ä‘Ã³, pháº£i trÃ¡nh, ngu ngá»‘c lol
train_oigqordsei|Vl quÃ¡ má»©c: <<
train_whkkprxlzf|HÃ  My cmm lÃ´ng mÃ y =) bcuoi vl
train_nqmdybwqon|NhÃ¬n vÃ o nhÃ  tÃ¹ vl :)
train_yudketkhei|Anh chÃ ng nÃ y Ä‘Ã£ vÆ°á»£t qua má»™t chiáº¿c xe gá»— vá»›i má»™t gÃ³c kÃ­n. Lol ngu ngá»‘c
train_umdtmbbvxb|Kinh tá»Ÿm má»™t chÃºt
train_kelupyayfp|Äi chÃ¹a Ä‘Ã²i há»i vl
train_xiyvspxdzk|Tháº­t lÃ  tuyá»‡t vá»i :)
train_vxqyxaybud|chá»‰ Ä‘áº¡o máº¡nh máº½
train_wxmbuvxlox|GhÃª tá»Ÿm dum
train_uvevvvjtaq|Nguyá»…n VÄƒn Quyá»n :) dm bÃ¬nh luáº­n tá»‘t vl
train_huhfljgnwl|Cháº¿t tiá»‡t kÃ­ch thÆ°á»›c bÃ¢y giá» sao nhÆ° cá»¡ 5 10 nÄƒm ná»¯a, vl vá»‘n
train_ijptqoxvfd|Máº¹ máº¥t máº·t.
train_jzlvkcdprc|HÃ´m qua, má»™t Ä‘á»“ng nghiá»‡p Ä‘Ã£ yÃªu cáº§u tÃ´i lÃ m ca Ä‘á»ƒ anh áº¥y cÃ³ thá»ƒ Ä‘Æ°a ngÆ°á»i yÃªu Ä‘i Äƒn tá»‘i Ä‘á»ƒ ká»· niá»‡m 1 nÄƒm yÃªu nhau. Aww nháº­n ra nÃ³ dá»… thÆ°Æ¡ng, vÃ¬ váº­y tÃ´i cÃ³ thá»ƒ chá»‹u Ä‘á»±ng Ä‘Æ°á»£c. . . . . TÃ´i Ä‘Ã£ nÃ³i "" cháº¿t tiá»‡t "" <URL>
train_npjymbmguo|Nguyá»…n PhÃºc Táº¥n :) chá»‰ cáº§n nháº¥n f5 :)
train_nisvyvwuge|Dm do vo chat luÃ´n tiu xuua xd rá»“i dÃ¹ng rá»“i tin
train_hjoyfhyjfu|Anh mua má»™t bá»™ qao :). Máº·c dÃ¹ cha tÃ´i Ä‘Ã£ cho tÃ´i má»™t cÃ¡i nhÃ¬n khá»‘n kiáº¿p nhÆ° má»™t con Ä‘Ä©, hahaha <URL>
train_xcowysgyyt|Anh Phan cc cc ráº¥t nhiá»u
train_lykteeyidr|Vl tháº¥t vá»ng
train_fyobvhiycj|Em yÃªu Báº¡n cÃ³ thá»ƒ nháº·t má»™t chiáº¿c quáº¡t cá»©ng, tÃ´i sáº½ chá»‰ cho báº¡n kkk
train_wsduzwjjrd|xinloiem ğŸ˜ Ã´ng giÃ  r ğŸ˜ TÃ´i khÃ´ng hiá»ƒu <URL>
train_birmembigd|Con Ä‘Ä© nÃ y nguyá»n rá»§a tÃ´i, huhu
train_lvjpopowhe|Äá»¥ tÃ´i mÃ u xanh :)
train_dzefocnyrc|Sá»‘t. má»‡t má»i vkl Nguyá»…n Máº¡nh JÃ­nÃ­f cáº£m tháº¥y á»‘m.
train_mmrmcjeupz|máº¥t lá»›p 10 lá»›p 10. lÃ m nhá»¥c vl
train_cfizucetqf|Thanh Tung Ä‘ang tháº¥t nghiá»‡p
train_mzjdanemwt|Äá»¥ ngÆ°á»i vá»›i vl nghá»‹ch ngá»£m
train_feowmbebzy|ÄÃ´i máº¯t muá»‘n nÃ³i Ä‘á»«ng cháº¡m vÃ o bá»‘ báº¡n hoáº·c báº¡n sáº½ há»‘i háº­n Ä‘áº¥y, con khá»‘n
train_zwmdrputwk|Dmm nÃ³i ráº¥t nhiá»u vl
train_kwkcwsalkb|. dá»… dÃ ng b. . c. . ğŸ¤ª dm vl
train_nnnprrmzli|Pháº¡m Giai NhÃ¢n cÃ³ thá»ƒ chá»n lol nhÆ°ng cmt. ngá»‘c ngháº¿ch haha
train_rbdkmzusee|Phan Hiáº¿u, máº·t Pogba tráº», máº·t Ä‘á» lÃªn.
train_soefkxtpjm|ÄÃºng cÃ³ nghÄ©a lÃ  vl
train_vtqxytpppl|NÃ“ ÄANG VAW R VLNG VL
train_mmqlghoqoo|Ã”i. . Cháº¿t tiá»‡t nhÆ° tÃ´i vl
train_sbowxmkeyi|SML nhÆ°ng khÃ´ng sao c. . . g
train_csvulivgbl|Äi uá»‘ng nÆ°á»›c cho chÃ ng trai báº¡n bay nhÆ° bay. . cháº¯c cháº¯n rá»“i. mm cháº­m láº¡i. anh áº¥y quay láº¡i vÃ  nÃ³i vá»›i tÃ´i ráº±ng tÃ´i nghÄ© báº¡n Ä‘ang lÃ¡i xe cho tÃ´i.
train_gdjtiodvns|LÃª TrÆ°Æ¡ng t tháº¥y ráº±ng xuhao bÆ°á»›c vÃ o Ä‘á»ƒ chiáº¿n Ä‘áº¥u vá»›i meli, nÃ³ run ráº©y tÃ¢m lÃ½ ráº¥t nhiá»u, anh lÃ¡i cáº·c ra.
train_vmmelypwym|LuÃ´n muá»‘n cháº¡y Ä‘ua vá»›i tháº¿ giá»›i. NhÆ°ng báº¥t cá»© Ä‘iá»u gÃ¬ báº¡n máº·c sáº½ tá»‘n tiá»n cá»§a báº¡n. Táº¥t nhiÃªn, cÃ³ tiá»n Ä‘á»ƒ xuáº¥t nháº­p kháº©u, nhÆ°ng nhá»¯ng ngÆ°á»i Ä‘á»©ng Ä‘áº§u lá»›n tham lam chá»‰ lao vÃ o chá»‘ng láº¡i tháº¿ giá»›i. . . TÃ´i khÃ´ng biáº¿t táº¡i sao chá»‰ Ä‘i láº¥y hÃ ng nháº­p kháº©u mÃ  cÃ²n vÃ i miáº¿ng cho má»™t sá»‘ lÃ­nh canh. Kinh doanh nhÆ° cc. Viá»‡t Nam mÃ£i mÃ£i láº¡c háº­u vÃ  kÃ©m phÃ¡t triá»ƒn. Giá»‘ng nhÆ° má»™t viÃªn nang khÃ´ng muá»‘n tÃ¡ch vá» tham lam cá»§a nÃ³. . . Xuáº¥t nghiá»‡p. Namo A Di ÄÃ  Pháº­t
train_yihzyzwyca|Má»›i vl dm :)
train_bekprhletr|Ã”i nÆ¡i tÃ´i trá»Ÿ vá» NÆ¡i tÃ´i khÃ´ng bÃ¡n vÃ ng, tÃ´i bÃ¡n nÃ³ cho há» nhÆ°ng tÃ´i khÃ´ng cáº§n lÃ m vÃ ng, H Äƒn cÆ¡m báº±ng vÃ ng, nhÆ°ng ai nghÃ¨o nhÆ° gia Ä‘Ã¬nh T, nhÃ¬n pháº£i nhÃ¬n sÃ¢u nhÆ°ng láº¯ng nghe phong cÃ¡ch cá»§a cÃ¢u vÃ ng Ä‘Ã£ Ä‘eo vÃ ng Báº¥t cá»© ai khÃ´ng giÃ u
train_hpfposwxqk|TrÆ°Æ¡ng HÆ°Æ¡ng, lÃ m Æ¡n im Ä‘i
train_afqgfasjer|VÅ© VÄƒn Tiáº¿n khÃ´ng pháº£i há»i nhá»¯ng cÃ¢u ngu ngá»‘c mÃ  yÃªu cáº§u viáº¿t nhá»¯ng bÃ i ngu ngá»‘c
train_wskwmzojfi|Báº¥t ká»³ con chÃ³ nÃ o cÃ³ thá»‹t chá»‰ lÃ  má»™t con chÃ³ ngu ngá»‘c =)
train_gccuhsalwh|NÃ³i chuyá»‡n cháº¿t tiá»‡t ráº¥t tá»‘t :)
train_muzscihfuc|Kenrou Horo :) TÃ´i sáº½ Ä‘á»¥ báº¡n ráº¥t nhanh
train_ziucqzyajg|TÃ´i biáº¿t ai Ä‘Ã³ há»i cÃ¢u há»i nÃ y, bá»‘ vÃ  tÃ´i lol :) <URL>
train_ucurlmndyu|KhÃ´ng uá»‘ng cháº¥t bÃ©o
train_eyppdkkogh|None
train_vwlaowzigj|Nguyá»…n DÅ©ng ráº¥t chÃº Ã½
train_gmkabjkewx|Sá»‘ pháº­n khÃ´ng cÃ³ má»™t chiáº¿c giÆ°á»ng Ai Ä‘iÃªn vá» Ä‘iá»u Ä‘Ã³ <URL>
train_clfliiufql|None
train_yqnmkgiulx|Le Jupussy nÃ³i: "" Báº¡n sáº½ cho phÃ©p báº¡n biáº¿n tÃ´i thÃ nh má»™t con tháº±n láº±n nÆ°á»›ng chá»©? "
train_uqzmpkmvwz|RÃµ rÃ ng lÃ  vl :)
train_goqcajyjsk|Woo giáº£ vá» má»‡t má»i vl :)
train_smhjtxybwz|KhuÃ´n máº·t phá»“ng
train_dtpkllvoea|Äiá»u quan trá»ng, anh khÃ´ng thÃ­ch nhá»¯ng chÃ ng trai nghÃ¨o. á»’
train_bgpihyqmkr|TÃ´i chá»‰ sá»£ nÆ°á»›c máº¯t cá»§a máº¹ tÃ´i rÆ¡i. TÃ´i khÃ´ng muá»‘n bá»‘i rá»‘i <URL>
train_pchdwxkejq|Minh Chiáº¿n vÃ  máº¥t rá»“i Ä‘á»• lá»—i cho viá»‡c nháº­p quá»‘c tá»‹ch, tÃ´i khÃ´ng thá»ƒ giá»¯ Ä‘Æ°á»£c =)
train_ihxushtxkz|Anh DÆ°Æ¡ng, bk, sao tÃ´i khÃ´ng biáº¿t :)
train_boyukpyzwf|KhÃ´ng cÃ³ Ä‘Ãºng hay sai trong xÃ£ há»™i nÃ y. . . . Chá»‰ cÃ³ ngÆ°á»i giÃ u vÃ  ngÆ°á»i nghÃ¨o. . ChÃ ng trai giÃ u cÃ³ sá»‘ng nhÆ° chÃ ng trai giÃ u cÃ³. . NgÆ°á»i nghÃ¨o chÆ¡i theo cÃ¡ch cá»§a ngÆ°á»i nghÃ¨o. . . . Nhá»¯ng ngÆ°á»i thÃ¢n yÃªu - vá»›i sá»± an toÃ n vÃ  4 ngÆ°á»i khÃ¡c. <URL> PhotÃ³from ThÆ°á»£ng ThÆ°á»£ng - bÃ i Ä‘Äƒng cá»§a
train_hhyxamsram|Váº­y tháº» doell lÃ  gÃ¬. . kÃ­ch thÃ­ch vl
train_sqqxeparjk|:> vl bá»‹ kÃ­ch thÃ­ch
train_igpepozvwx|CÃ³ tiá»n Ä‘á»ƒ mua xe nhÆ°ng khÃ´ng cÃ³ tiá»n Ä‘á»ƒ Ä‘áº­u. lÃ m nhá»¥c vl
train_ntopquwvlb|VÅ© HoÃ ng Trung, náº¿u ai Ä‘Ã³ Ã­t tá»± hÃ o thÃ¬ cÅ©ng khÃ´ng sao. Tháº­m chÃ­ khÃ´ng chia sáº»
train_ogzhjbslni|Pháº£i lÃ m gÃ¬ khi nhÃ³m cá»§a báº¡n ghi Ä‘Æ°á»£c 4 quáº£ bÃ³ng vÃ  khÃ´ng Ä‘Æ°a ra báº¥t ká»³ má»› há»—n Ä‘á»™n nÃ o cho káº» gÃ¢y rá»‘i ğŸ¤ª liáº¿m káº» xanh <URL>
train_czenudlxni|phim hÃ i dm vl
train_jbdgmbidfy|BÃ¹i Trung Háº£i nÃ³i ráº±ng nÃ³ giá»‘ng nhÆ° bá»‹ vá»¡ miá»‡ng
train_fxvlsdmpzh|TÃ´i muá»‘n giáº¿t anh ta
train_irmhaixfxy|Tri Phan vÃ¢ng, anh ta khÃ´ng thá»ƒ Äƒn báº¥t cá»© thá»© gÃ¬ nhÆ°ng anh ta cÃ³ thá»ƒ Äƒn anh ta lol
train_zvpjglqwvc|Cháº¡m vÃ o vl - _ -
train_chbjpcudyf|CÃ´ dÃ¢u chÄƒm chá»‰ vl :)
train_drlacityaz|Nguyá»…n Há»“ng Nhung cdcm =) vcl hÃ i
train_deecphyuhg|Äá»— Thu PhÆ°Æ¡ng bá»‹ Ä‘au
train_rjwugpgupn|SÃªo NhÃ¢n Ä‘km bÃ¬nh luáº­n Ä‘á»‘t vl :)
train_shriwagmck|Äáº¹p mÃ´i dÃ y vl =)
train_odswxbbwbm|None
train_arnkmxtauz|Cháº¿t tiá»‡t SÃ³i Tung vl
train_tachchnahl|T nÃ³i tháº­t Ä‘Ã¡ng sá»£ chá»‰ sá»£ nhá»¯ng con chÃ³ á»Ÿ chá»— tÃ´i
train_vxkkyiaivf|vÃ¬ váº­y tÃ´i biáº¿t nhá»¯ng gÃ¬ má»™t shit lÃ 
train_xauapilofx|Máº¹ kiáº¿p
train_cfegpmbcwd|C2, 3 gáº·p nhau suá»‘t quÃ¡ khá»© :) váº«n máº·c kiá»ƒu cÅ© n hiá»ƒu czi sá»£ Vl
train_zuimjbbhsm|Máº¡nh Nam vá»«a má»›i máº¥t vá»‡ sinh vl.
train_ffpvzsjefd|Nhá»› ráº¥t nhiá»u :) nÃ³ng quÃ¡
train_ttpcbwwjaq|Cháº¿t tiá»‡t báº£o hiá»ƒm nÃ y mÃ  báº©n. DÆ¡ báº©n á»Ÿ Ä‘Ã¢u? Äá»ƒ má»™t clit mÃ  xá»­ lÃ½
train_lorphwzxef|Sá»«ng? ? : v
train_bqxjecunlo|Tá»•ng sáº¿p HoÃ ng khÃ¡c nhau nÃ³i má»i thá»© lol thÃ nh sá»± tháº­t
train_anhlkrkwnt|Báº¡n báº¯n vÃ o vÃ nh Ä‘ai: quáº£ bÃ³ng Ä‘Ã¡
train_grnvyotzes|ÄÃ³ lÃ  ngÃ y nÃ³ng nháº¥t. . . buá»“n vl :(
train_jmujgumaqt|GÃ¡o cáº§n vl :(
train_cknheuahpf|Phá»Ÿ Ä‘iÃªn vl! Sá»£ giÃ¡n Ä‘i vl ra xu hÆ°á»›ng.
train_ltbqlxtafw|hÃ ng hÃ³a bá»• sung ,. mÆ°a trong mÆ°a, bá»“n trong nÆ°á»›c. lol giÃ¡ ráº» lol <URL>
train_mfnwhpjwaz|Dcm Ä‘Ã¡ nhÆ° máº¥y thÃ¡ng ngÆ¡ ngÃ ng vl vl
train_bpiqmpqeni|Cháº¿t tiá»‡t bh mÃ³ng tay báº©n quÃ¡
train_trfyjnzuez|Tháº­t khÃ³ há»c :(
train_lcnjdzbbdc|NÃ³ thÆ°á»ng tá»©c giáº­n. Dm pháº£i tÃ¬m Ä‘á»§ má»i cÃ¡ch Ä‘á»ƒ khiáº¿n anh cÆ°á»i. Gáº¡ gáº«m Ä‘á»ƒ mua thá»©c Äƒn vÃ  Ä‘á»“ uá»‘ng cÃ¡c loáº¡i. Hiá»ƒu biáº¿t lá»‡ch láº¡c. Khi anh cÆ°á»i nhÆ° Ä‘iÃªn. Haha. xl
train_majoanxrze|Cháº¿t tiá»‡t anh chÃ ng ThÃ¡i Má»¹ Ngá»c Ä‘ang Äƒn cÆ¡m, nhÆ°ng Ä‘á»c cmt cá»§a báº¡n tÃ´i Ä‘Ã£ cÆ°á»i vÃ  phá»“ng ra cÆ¡m :) ngÆ°á»¡ng má»™ báº¡n
train_bojtqdfcvx|Nháº«n Kim Kim chÆ¡i vá»›i tÃ´i. nhiá»u v nhÆ°ng ngu Ä‘áº¿n m. thá», kakaka
train_rjaudxueco|Linh LouÃ­am hung hÄƒng
train_musbtdefto|Tráº§n Báº£o Ngá»c cháº¿t tiá»‡t
train_hebxcibccy|Tráº§n Lá»£i 8 Ä‘Ã£ phÃ¡ vá»¡ cÃº sÃºt cá»§a Barca vÃ  nÃ³ báº¯n 5 phÃ¡t, lÃ m 3 m vÃ  muá»‘n Ä‘á»¥ j nx ThÃ¡ng TÆ° ngu
train_vxrjbitgir|Haha con chim Ä‘Ã³ ráº¥t lá»›n
train_wklhzlzabz|Tháº§n cháº¿t tiá»‡t
train_tchpfbbgps|Lá»— Ä‘á»ƒ hÃºt siÃªu cá» Ä‘á»
train_qnjurbdnim|Nguyá»…n ChÃ­ Phá»¥ng <URL> Chi Phá»¥ng. Báº¥t cá»© ai chá»n chá»­i tÃ´i
train_kpfhegzdzo|Mai Chi do Barca ngu ngá»‘c mÃ  cÃ²n ajÃ£l lÃ  vl Ä‘en
train_fonshechdw|Äiá»u nÃ y tháº­t Ä‘iÃªn rá»“ :)
train_ljhfgmldgl|Slut lÃ  Ä‘Ãºng
train_fuqsxjhuay|None
train_kmojwhytqr|BÃ² khÃ´ng Äƒn cá» bÃ² ngu ngá»‘c. Ai thÃ­ch áº£nh thÃ¬ ngu hÆ¡n bÃ²
train_cicsmtgyen|Náº¿u báº¡n cháº¿t, tÃ´i sáº½ cháº¿t
train_dstdlpepkk|Dm trÃ¢u tráº» vl
train_rbxyqjxzuy|Xem cÃ¢u vl
train_rdbhdkwwok|Bá»Ÿi vÃ¬ báº¡n yÃªu cáº§u tÃ´i ngá»§ khÃ´ng ngon
train_fvkhnbrvna|TÃ´i khÃ´ng pháº£i dáº¡y vá» lÅ© lá»¥t. hÃ£y Ä‘á»ƒ thá»i gian quay trá»Ÿ láº¡i Ä‘Æ°á»ng chÃ¢n tÃ³c Ä‘á»ƒ lÃ m cho nÃ³ mÆ°á»£t mÃ .
train_prggqpicoz|1 muá»—i Ä‘en vcl
train_aeikqevdgt|Liá»…u LÃ¢m Lam Ã´i Ä‘m. TÃ´i cÅ©ng cáº£m tháº¥y Ä‘áº¹p
train_akkngmqrqa|Há»“ng NgÃ¡t Dm, lÆ°u t, hÃ i vl :)
train_qgnfanfkev|100 ngÆ°á»i Ä‘Ã n Ã´ng trÃªn phá»‘ vá»›i báº¡n trai khÃ´ng bao giá» bá» vá»£ con. . 1000 phá»¥ ná»¯ Ä‘i chÆ¡i vá»›i báº¡n Ä‘á»i cháº¯c cháº¯n sáº½ bá» chá»“ng Ã­t nháº¥t 1.000. Bá»Ÿi vÃ¬ nhá»¯ng ngÆ°á»i Ä‘Ã n Ã´ng ra khá»i dÃ²ng khÃ´ng cÃ³ con tá»‘t hÆ¡n vá»£ cá»§a há» á»Ÿ nhÃ . VÃ  phá»¥ ná»¯ trÃªn Ä‘Æ°á»ng phá»‘ tá»‘t hÆ¡n 10 láº§n so vá»›i cÃ¡c chÃ ng trai á»Ÿ nhÃ . . LÃ  phá»¥ ná»¯ Ä‘áº¹p vÃ  Ä‘áº¹p, hay dá»‹u dÃ ng, vÃ¬ Ä‘Ã n Ã´ng! ! . Nguá»“n: coppy <URL>
train_bzwkfzwevh|Chá»‰ trÃ­ch! ! ! Huyá»n thoáº¡i vl! ! ! ğŸ™ƒ
train_rbkuynkhpf|Haha ÄÄƒng Minh Hiáº¿u chia sáº» má»™t bÃ i. <URL> Miá»‡ng lá»›n. NhÃ³m gá»i tÃªn tÃ´i ğŸ“£. # TaitoMomzau
train_xnajpxdsji|Nguyá»…n Nam Anh cháº¿t tiá»‡t vl =)
train_nvuyhibhts|TÃ´i cáº£m tháº¥y ngu ngá»‘c vl
train_yksqdtntad|NÃ³ chá»‰ Äƒn cáº¯p cháº¥t xÃ¡m tá»« ngÆ°á»i khÃ¡c, nhÆ°ng khÃ´ng cÃ³ con mÃ¨o nÃ o trá»‘n trÃ¡nh. Cháº¿t tiá»‡t, chÆ°a cÃ³ ai má»Ÿ cá»­a hÃ ng, vÃ¬ váº­y Ä‘Ã³ lÃ  má»™t chÃºt Happy Tran NC Bikáº»Shop. <URL>
train_vbfkndncqg|Há»¯u ThiÃªn ráº¥t tá»©c giáº­n.
train_xeayeanuye|Äá»«ng cÆ°á»i. . . Ä‘á»ƒ tÃ´i yÃªn . TÃ´i tháº­m chÃ­ khÃ´ng Ä‘á»§ Ä‘au khá»•, nhÆ°ng báº¡n tháº­m chÃ­ cÃ²n cÆ°á»i tÃ´i <URL>
train_jwtfgrrgrc|Táº¡i sao tÃ´i sá»£ cÃ¡c chÃ ng trai Nono
train_zisikzvxda|ChÆ¡i chÃ³ VÅ©u BÃ­ch Báº£o DuyÃªn
train_eecelxoeam|HoÃ ng Chinh cháº¿t tiá»‡t, dá»… sá»£!
train_pusesvnkss|Nguyá»…n VÄƒn Trung thá», miá»‡ng thá»‘i vc,.
train_zkwmfdpqwi|Trung QuÃ¢n f * ck :)
train_plojjatghg|Tráº§n CÃ´ng Nháº­t BÃ¡c, báº¡n khÃ´ng thá»ƒ Ä‘Ã¹a, nghiÃªm tÃºc lol :)
train_iinnktanut|NgÆ°á»i hÃ¢m má»™ mÃ­t nhÆ° báº¡n vl
train_bnsbfnrxwv|Äiá»‡n Vi :) dmmm! CÆ°á»i vcl
train_nwpjusxhom|TÃ´i thÃ  Ä‘á»ƒ má»™t cá»¥c u trÃªn máº·t, nhÆ°ng tÃ´i khÃ´ng muá»‘n con giÃ¡n bá»‹ Ã¡m áº£nh
train_smvwkslvij|BÃ¬nh NguyÃªn dit xem láº¡i váº«n khÃ³ chá»‹u vl
train_esprydrypr|Hey =]] ~ t gáº·p vÃ  cáº£m tháº¥y tá»‘t vl
train_gxrbjybmio|Niel giá»‘ng nhÆ° lz Damn vl
train_qwriujjcjz|Máº¥t máº·t vl :)
train_hrmkmclwps|Náº¿u báº¡n cáº§n má»™t ngÆ°á»i sáºµn sÃ ng cháº¿t vÃ¬ báº¡n, tÃ´i thá» vá»›i ChÃºa ráº±ng tÃ´i khÃ´ng pháº£i tÃªn ngá»‘c Ä‘Ã³ <URL>
train_grciylzjjf|Äá»«ng ngá»§ quÃ¡ nhiá»u
train_vpkgxrvwvb|KhÃ´ng cÃ³ máº¥t mÃ¡t trong nhÃ  mÃ  khÃ´ng cÆ°á»i. Chá»‰ cÃ³ nhá»¯ng ngÆ°á»i dáº¡i dá»™t chá»‹u Ä‘á»±ng
train_rzrkmzfriq|Ã”i buá»“n cÆ°á»i. Bá»‹ bÃ³p mÃ©o lÃ m quen. Báº¡n lÃ  ai, báº¡n Ä‘i xa Trang DÆ°Æ¡ng, DÆ°Æ¡ng Thá»‹ HÆ°Æ¡ng.
train_uilfdeejqt|Video khÃ´ng dÃ nh cho ngÆ°á»i cháº­m trá»…. Vl cay
train_kstkwftwri|KhÃ´ng biáº¿t nÃ³i gÃ¬ ná»¯a. . . váº«n pháº£i cmt. . . vl nháº¡t!
train_lcgmozgxiu|T11 vl. áº¾ch
train_zkjfemhfpc|Ã‚m há»™ ráº¥t lá»›n
train_wkflzqdpor|HÃ£y nghÄ© vá» nÃ³, xem phanh. Äá»«ng kiÃªu ngáº¡o trong cuá»™c sá»‘ng. VÃ¬ cuá»™c Ä‘á»i nÃ y khÃ´ng cÃ³ ai sá»£ ai mÃ  YÃªn Yáº¿n cáº­p nháº­t hÃ¬nh áº£nh lÃ m Ä‘áº¹p. <URL> Thy YÃªn
train_jmavsjnqcj|Tráº§n ThÃ nh Háº¡ng Ä‘au mÃ´ng vl :)
train_vpkqyssdth|cháº¥t lÆ°á»£ng kÃ©m vkl
train_wetusqpthb|TÃ´i chá»‰ tháº¥y nÃ³ kinh tá»Ÿm
train_warhufmhre|TÃ´i biáº¿t miá»‡ng tÃ´i vui hay buá»“n
train_uhlfmuocmp|Mai Ngá»c Thá»§y dcm vl =)
train_zlqhdzqnlh|Xáº¥u =
train_mqrfbdkoeo|Háº£i Nguyá»…n ghÃª tá»Ÿm vl huhu
train_oojfqcjcxn|CÃ¡i quÃ¡i gÃ¬ tháº¿ . ! ğŸ˜± ğŸ˜±. Chá»‰ trÃ­ch. Thá» . Sá»£ cÃ´n trÃ¹ng vl
train_uwvxpwfrjb|Nguyá»…n HÃ  khÃ³c cho báº¡n. . . . Giáº¥y phÃ©p rá»i khá»i 2019
train_wjhebndlni|KhÃ´ng Ä‘i há»c, Ä‘á» nghá»‹ cáº¥m giáº¥y vÃ ng mÃ£ á»Ÿ nhá»¯ng nÆ¡i cÃ´ng cá»™ng, vui chÆ¡i vÃ  giáº£i trÃ­.
train_oaojmjbprj|d m nhÆ° lá»i Ä‘á»“n :) quÃ¡ giÃ u vl: V
train_gvxrirlrws|Chá»‰ trÃ­ch. BÃ³ng ma nháº¡t.
train_tlegpihtcq|Vl ngu ngá»‘c cÃ³ tÃ­nh toÃ¡n xáº¥u vl
train_cpvzghirym|ThÃ  khÃ´ng cÃ³ mÃ  thÃ´i, nhÆ°ng ai pháº£i lÃ²ng thÃ¬ báº½ máº·t vl
train_dmzoiadlfo|Cháº¿t tiá»‡t báº¡n dÅ©ng cáº£m vl =)
train_ouhbrmvsmy|- Báº¡n khÃ´ng khÃ¡c tÃ´i
train_ulkwtydfxj|VÆ°Æ¡ng Niem :)
train_ptodzbfnqc|TÃ´i khÃ´ng hiá»ƒu táº¡i sao tÃ´i ngu ngá»‘c
train_bytvylltad|stan loona =) sá»Ÿ thÃ­ch quáº£ng cÃ¡o cá»§a tÃ´i giá»‘ng nhÆ° vl cÃ­u =)
train_gbfaeykqrh|NgÃ  NhÆ° shit nhÃ¬n cá»©t vl
train_bnkxqmemzs|Ui sau Ä‘Ã³ nÃ³ chá»‰ chá»­i máº¯ng nÃ³ Ä‘Ã¢u lÃ  ká»‡ kon
train_eubkottheb|ÄÃ¡ lÃ  ngu, Ä‘áº·t vl
train_enputzeled|Buá»“n lol tÃ´i khÃ´ng buá»“n
train_pcbccvbdvw|Báº¡n cÃ³ chÆ¡i vá»›i Ä‘á»“ chÆ¡i mÃ  ngÆ°á»i NC ngá»­i khÃ´ng? VÃ¬ váº­y: D Thanh TÃ¢n Nguyá»…n Ã­f xÃ¡c Ä‘á»‹nh.
train_mxnrnruhjr|CÃ´ con gÃ¡i ngá»‘c nháº¥t khÃ³c vÃ¬ ngÆ°á»i Ä‘Ã n Ã´ng ngu ngá»‘c Ä‘Ã³ ((:
train_vldajvylks|Ai quan tÃ¢m Ä‘áº¿n Ä‘iá»u Ä‘Ã³, tÃ´i báº­n rá»™n vá»›i cÃ¡t
train_akyhztcxxv|DÃ¹ tÃ´i cÃ³ nÃ³i bao nhiÃªu láº§n Ä‘i chÄƒng ná»¯a, tÃ´i khÃ´ng pháº£i lÃ  máº¹ cá»§a báº¡n, Ä‘Ã£ bÃ³p nÃ¡t vÃº tÃ´i, huhuu <URL>
train_yxmvgtjbdi|LiÃªm Thanh Nguyen cÃ³ con Ä‘áº§u lÃ²ng, giá»‘ng nhÆ° ml
train_qgjjymcecz|TÃ´i khÃ´ng cáº§n báº¥t cá»© Ä‘iá»u gÃ¬ trong cuá»™c sá»‘ng cá»§a tÃ´i. . KhÃ´ng cáº§n ai chÃ  Ä‘áº¡p tÃ´i. . . . . . . <URL>
train_lbxzposxqg|LÃ m thá»‹t, khÃ´ng lÃ m gÃ¬ lol. Há»i vkl ngu ngá»‘c
train_yworblcayn|Dm lÃ  má»™t ngÃ´i nhÃ  nghÃ¨o
train_ogiresmoaf|Cáº­p nháº­t má»›i ghÃ©t vl :)
train_hzcvljnnqb|Nguyá»…n Kháº¯c ThÃ nh dkm. =)
train_whlyntpcxu|UÃ´ng Linh vl
train_drzjwuggsq|Äáº·ng Thá»‹ NhÆ° Y. VÃ¢ng, Ä‘á»«ng ngu ngá»‘c
train_lhmsayyyvk|Niá»m vui lÃ  khi báº¡n á»Ÿ má»™t mÃ¬nh vÃ  báº¡n cá»§a báº¡n cÅ©ng váº­y. . á»’, nhÆ°ng tÃ´i khÃ´ng biáº¿t Äá»©c ğŸ˜ Nguyá»…n Äá»©c Thiá»‡n Ã­with Quá»³nh LiÃªn. <URL> PhotÃ³from Nguyá»…n Äá»©c Thiá»‡n
train_uvetoorfqx|Quay trá»Ÿ láº¡i lÃ ng vÃ  nghá»‰ ngÆ¡i Ä‘á»ƒ giÃºp má»i ngÆ°á»i Ä‘au khá»• vÃ¬ há» quÃ¡ ngu ngá»‘c
train_ejrxqilbxt|NÃ³i ngu thÃ¬ Ä‘Ã¡ng vl.
train_xwaaxzkvdn|Quáº£n trá»‹ viÃªn quáº£ng cÃ¡o buá»“n cÆ°á»i cháº¿t tiá»‡t :)
train_qmfviwhhpl|ÄÃ³ lÃ  dell j Ä‘Ã£ gÃ¢y ra nhiá»u tiáº¿ng á»“n ğŸ¤” ğŸ¤” ğŸ¤” Tráº§n tá»« TÃ i <URL> Xamf. . Ãm áº£nh vl
train_lbftqxjvvh|Má»™t khi báº¡n mua chiáº¿c xe nÃ y, chÃºng ta pháº£i giÃ u cÃ³, vÃ¬ váº­y chÃ­nh phá»§ sáº½ nháº­n Ä‘Æ°á»£c nhiá»u x2 hÆ¡n ngÆ°á»i giÃ u.
train_fozveinmsq|NgÆ°á»i trong lá»›p 10 4 vá»£ vÃ  5 con. TÃ´i khÃ´ng muá»‘n yÃªu :) <URL>
train_vipycfwfcv|Nguyá»…n TuyÃªn haha, o oi o, xem á»©c cháº¿ vl
train_dsygbwvgfx|KhÃ´ng quyáº¿n rÅ©, thá»±c sá»± lÃ  VL
train_yvtvnyzwly|Tháº©m phÃ¡n chuyÃªn gia! QuÃªn cmnÄ‘i! ! ! ChÃ¡u cÃ¡t Ä‘ang á»Ÿ Ä‘Ã¢y! ! !
train_ammkuaxhey|Äáº¿m tÃ´i kuiui
train_gzcuynmrrq|NgÃ¢n Tuy le le vl
train_unohycafzt|Linh Pháº¡m Ä‘Ã¡ng cháº¿t vl
train_yhdglqlavz|Khi Ã´ng Trump Ä‘áº¿n Viá»‡t Nam, tÃ´i Ä‘Ã£ Ä‘Æ°a ra ráº¥t nhiá»u ngÆ°á»i, nhÆ°ng Ã´ng váº«n Ä‘Æ°á»£c truyá»n mÃ¡u trong bá»‡nh viá»‡n.
train_hrxavvfwlb|Bá»‘n tháº±ng ngá»‘c vl ra
train_zhiwbdflmy|Ä‘á»ƒ hiá»ƒu loáº¡i chim nÃ o =) chim thÃ­ch :: chá»‰ cáº§n hÃ¡t bÃ¢y giá» vs Ä‘i chÆ¡i vá»›i dao
train_vbkaudmxxi|TÆ°á»ng Nguyá»…n moa mÃ i mÃ i mÃ©o cáº§n nha nha Æ°a thÃ­ch rá»“i vá».
train_igjxlahahh|Thá»i gian biá»ƒu diá»…n khÃ´ng pháº£i lÃ  thá»i gian GIANT hey koe. . Náº¿u chÃºng ta khÃ´ng cÃ³ nulo thÃ¬ khÃ´ng quan tÃ¢m kaihui ahihi <URL>
train_zvihoxzqko|ChÃ¡n náº£n vl :(
train_lwhmnqnmlt|CÃ³ tin tá»©c
train_jzmjtqndac|TÃ´i khÃ´ng cÃ³ Ä‘á»§ tiá»n Ä‘á»ƒ yÃªu báº¡n
train_vuqcxbvemr|=) Sá»± tháº­t lÃ  cÃ´ áº¥y cÃ³ má»™t má»‘i tÃ¬nh Ä‘áº¹p. YÃªu nhau Ä‘Æ°á»£c 2 tuáº§n, cuá»‘i cÃ¹ng chia tay chá»‰ vÃ¬ tÃ´i báº­n nháº·t mÃ¡y nghe trong khi viÃªn nang Ä‘ang bá»‹ má»™t anh chÃ ng khÃ¡c báº¯n, nhÆ°ng ai cá»©u Ä‘Æ°á»£c nÃ³.
train_gvcstpxwhi|ÄÃ¡m Ä‘Ã´ng dcm. TÃ´i Ä‘Ã£ nghÄ© ráº±ng anh áº¥y lÃ  má»™t ngÆ°á»i lÃ­nh sau má»™t thá»i gian dÃ i nhÆ°ng váº«n cÃ³ thá»ƒ sá»­ dá»¥ng hÃ¬nh áº£nh
train_sdnwjlkdjd|NÃ³ thÆ°á»ng tá»©c giáº­n vl. Äang tá»©c giáº­n vá» Ä‘iá»u nÃ y -. - Pháº£i máº¥t má»™t thá»i gian dÃ i Ä‘á»ƒ hoÃ n thÃ nh
train_focrttrdwk|Äá»©c ToÃ n Nguyá»…n Dam thÃ´ vl
train_xyqtifbxsb|Ngá»c HÆ°ng Ä‘km :) tháº³ng tháº¯n vl
train_dkviguwxfu|Viá»‡t LÃ¹n: gáº¥p 20 láº§n tiá»n, Ä‘áº§u tÆ° vÃ o lá»±c lÆ°á»£ng cho Ä‘á»™i hÃ¬nh chuyÃªn sÃ¢u Ä‘á»ƒ thá»±c hiá»‡n cáº£nh quay
train_kpzvfzioob|ÄÃ o Quá»³nh Trang cl vl
train_pcuayxmhmf|Thá»§y Vy <URL> Khi tÃ´i buá»“n. NgÆ°á»i yÃªu tÃ´i lÃ  káº» dá»‘i trÃ¡
train_vcfzcjwpqu|Kinh tá»Ÿm Nguyá»…n ÄÃ¬nh Anh vl =)
train_pshtslgfqu|Tháº­t ngu ngá»‘c
train_sbxsyjywof|Giaa Linhh tháº­t kinh tá»Ÿm
train_wwyvgtwgsu|Kim Loan vui váº» Ä‘i xe, thá»
train_gefyfaijeh|Dm k tá»­ hÃ¬nh nháº¹
train_wlmwvyukid|Hiáº¿u Long dÃ² dáº«m xung quanh
train_wmjnhpphny|ÄÃ n Ã¡p cháº¿t tiá»‡t vl :)
train_yltdbgjirl|CÆ°á»i vcl =)
train_clwrixacnx|Thanh Vy Ä‘l thÃ¨m vl
train_rwmkmxegcv|Cho em lÃ  giÃ³ vkl :)
train_tgbkevrzwi|dm nÃ³ luÃ´n Äinh Trung Äá»©c Ã­with Linh Ah vÃ  5 ngÆ°á»i khÃ¡c. <URL> PhotÃ³from Äinh Trung Äá»©c
train_yfboumjlcw|ÄÃ¹a thÃ´i, tÃ´i trÃ´ng nhÆ° tay tÃ´i báº©n
train_gqmpespctn|YÃªu 1 ng Cháº¿t tiá»‡t mÃ¬nh. . . . chim cÃºt cc
train_cdijyiwugt|TÃ´i khÃ´ng cháº¿t tiá»‡t vkl :)
train_rtoxrwiqmp|NÃ³ ngon l * * báº¥t cá»© thá»© gÃ¬ nhÆ°ng tÃ´i thÃ­ch Chu KhÃ¡nh Linh <URL> Tuyá»‡t vá»i. Anh báº¡n, Ä‘á»«ng Äƒn thá»‹t chÃ³
train_nmpskdgmis|C lÃ  gÃ¬ v?
train_iizsmudxsn|TÃ´i Æ°á»›c nhÆ°ng nÃ³ chá»‰: Uk chá»© khÃ´ng pháº£i tÃ´i. Z lÃ  cÃ³ nÃ³. . . . . NÃ³ khÃ´ng giá»‘ng tÃ´i ğŸ˜ ğŸ˜
train_spjqmaytsb|Chá»‰ trÃ­ch. Máº·c chÃ¢n Ä‘á»¡. Nghiá»n. . . bÃ­m tÃ³c. . . ğŸ˜‚ ğŸ˜‚ cáº§n vl
train_swvjhbxxwi|NhÆ°ng báº¡n khÃ´ng nhá»› tÃ´i cháº¿t tiá»‡t :(
train_yzkvwzvgxr|Ráº¥t khÃ³ chá»‹u :)
train_bizcnkhluu|Nguyá»…n VÄƒn ThÄƒng vÄ‘. Láº¥y lá»­a
train_yaqyrppvfr|Rá»“ng há»—n há»£p: v
train_aknimlwrxn|Khá»‘n kiáº¿p cháº¿t tiá»‡t :) khá»§ng khiáº¿p
train_vlizscvcip|tháº­t. Tháº­t chÃ¡n quÃ¡ :)
train_moswopdbvb|Äm sá»£ vl :(
train_htjihrrllt|Ngá»c PhÃº Ä‘á»¥ mÃ´ng nÃ ng.
train_yzptqzjotl|dm Ä‘Ã³ lÃ  tiÃªu chuáº©n vl :)
train_zsmazjxlkq|Dm Ä‘á»ƒ hiá»ƒu táº¡i sao nhÃ¬n ráº¥t lo láº¯ng l
train_hhacgiqvww|Ngá»‘c nhÆ°ng khoe vl
train_lowjazlzyr|KhÃ´ng cÃ³ cáº­p nháº­t, vÃ¬ váº­y tÃ´i khÃ´ng lÃ m báº¥t cá»© Ä‘iá»u gÃ¬ dÆ° thá»«a
train_yryuqrujur|Äm =) LÃ½ NguyÃªn chia sáº» má»™t bÃ i. <URL> Miá»‡ng lá»›n. NhÃ³m gá»i tÃªn tÃ´i ğŸ“£. # TaitoMomzau
train_kzrelwuvay|VÃ¢ng, mÃ¡ tÃ´i láº¡i nÃ³ng lÃªn :)
train_nyzhdjyypu|Báº¡n khÃ´ng Ä‘Ã¡nh giÃ¡ cao báº¥t cá»© Ä‘iá»u gÃ¬, báº¡n biáº¿t khÃ´ng?
train_mgeolwccih|Da gÃ  ná»•i máº©n vl
train_dxdnqgagsq|dm nhÃ¬n láº¡i vl vl
train_hwixynroho|TÃ´i thá», tháº­t khÃ³ vl :)
train_wzmzugtkwb|VÃ¬ ct chÆ°a bao giá» gáº·p nhÆ°ng tÃ´i khÃ´ng muá»‘n gáº·p :)
train_rwnagdjwsm|LÃ½ Mai, mÃ­t, vÃ  sáº§u riÃªng vc
train_lgzporgthq|Thanh Tung dariÃºÄ‘i top vs Khan Ã . Tá»™i nghiá»‡p vl :)
train_ixqeuwabau|Tráº§n Thu Trang tháº­t hÃ i hÆ°á»›c
train_kocxfyyrgv|Tháº­t lÃ  má»™t con chÃ³ bÃ©o bÃ©o!
train_brbcqtkkba|NÃ£o báº©n Ä‘Ã¡ng sá»£
train_viwbpjyjyy|NhÃ¬n vÃ o vl :)
train_doqpmmvrnw|Báº¥t cá»© Ä‘iá»u gÃ¬ báº¡n muá»‘n lÃ m, nÃ³i chuyá»‡n vá»›i bÃ n qua láº¡i. . . TÃ´i Ä‘á»“ng Ã½ vá»›i má»i ngÆ°á»i. TÃ´i cÅ©ng pháº£i sá»‘ng cho t. TÃ´i ráº¥t má»‡t má»i, Hong Hui cáº£m tháº¥y kiá»‡t sá»©c.
train_fclsumvsif|NhÆ° rÆ¡m vkl
train_hitwxiqscj|Ai lÃ  Phan Phan :). NhÆ°ng chá»‰ cÃ³ tÃ´i lÃ  miá»…n phÃ­. Äiá»u Ä‘Ã³ khÃ´ng mong ahi
train_hijmyepoof|KhÃ´ng biáº¿t gÃ¬ nhÆ°ng váº«n thÃ­ch nÃ³i nhÆ° chÃºa. Láº¡ loz gke gom dik dok :)
train_mxcffgfqmz|Tri MarÃ­chawcsd pháº£i Ä‘i tÃ¬m con chÃ³ ngá»‘c :(
train_axzozjbute|Quáº£ng cÃ¡o sáº½ trá»Ÿ thÃ nh má»™t ngÆ°á»i hÃ¢m má»™ khÃ³ tÃ­nh
train_zqpxwkaveg|Tháº­t lÃ  má»™t Ä‘iá»u ngu ngá»‘c!
train_ztdofexggg|Mmmm dá»… thÆ°Æ¡ng, vl
train_motbslmcrt|Cha máº¹ nuÃ´ng chiá»u con cÃ¡i giá»‘ng nhÆ° giáº¿t cháº¿t con cÃ¡i cá»§a há». GiÃ¡o viÃªn lÃ  ngÆ°á»i trá»±c tiáº¿p dáº¡y há»c sinh, há»c sinh báº­n há»c táº­p tá»‘t hÆ¡n. (váº­y thÃ¬ cÃ¡c giÃ¡o viÃªn trong máº¯t há»c sinh xáº¥u lÃ  gÃ¬? á»’, tÃ´i khÃ´ng cáº§n há»c, tÃ´i cá»© cÃ£i nhau, báº¡n cÃ³ thá»ƒ lÃ m gÃ¬? TÃ´i dÃ¡m lÃ m gÃ¬ vá»›i tÃ´i, náº¿u tÃ´i nÃ³i vá»›i bá»‘ tÃ´i, giÃ¡o viÃªn sáº½ cháº¿t ....
train_cclcoteoxr|NÃ³ khÃ´ng giá»‘ng nhÆ° anh áº¥y Ä‘áº¿n tá»« quÃª hÆ°Æ¡ng cá»§a tÃ´i, Tráº§n VÄƒn Äich <URL> Clip HÃ i hÆ°á»›c. Keo gÃ¬ mÃ  keo mÃ¡. . . DÃ¡n lÃªn pháº§n cÃ²n láº¡i cá»§a ngÃ´i nhÃ , thÃ´ng minh nhÆ° báº¡n lÃ  quÃª hÆ°Æ¡ng cá»§a tÃ´i :)
train_ienqikujod|Bá»™ mÃ´n nuÃ´i dÆ°á»¡ng giÃ²n thÆ¡m
train_optdjyzrwo|Huá»³nh NguyÃªn Ä‘iÃªn rá»“i, tÃ u vÅ© trá»¥ thuá»™c vá» phi hÃ nh gia bay trÃªn báº§u trá»i
train_epnaxaiqpp|Sá»«ng vl =)
train_awfumbhpsa|CÃ¡i quÃ¡i gÃ¬ Ä‘ang diá»…n ra váº­y :)
train_govbofjxtk|Báº¡n chim khá»‘n vl :)
train_xmmeqbgzvz|Nháº£m nhÃ­ vkl :)
train_fcsepxgoqp|KhÃ¹ng . Bá»‹ láº¡c
train_fixsjxwfad|Nguyá»…n Tráº§n Ooo, nguyÃªn vá»‹ láº¡ vl Ã¨ooo
train_yhykfugjuo|cc vui j. quÃ¡ má»‡t má»i
train_mdifbowkai|Váº«n chÃ¡n quÃ¡
train_hviwukfkch|Trung nghe mÃ´ng Ä‘au vl. . .
train_jtsffkrbai|Cháº¡m vÃ o ngÆ°á»i yÃªu trong lá»›p. Men men
train_zqrcxazpjc|Táº¥t nhiÃªn, tÃ´i thÃ­ch há»i vkl ngu ngá»‘c :)
train_kzkculmojd|ÄiÃªn Trang <URL> La Háº£i Anh. KhÃ´ng gÃ¬ lÃ  mÃ£i mÃ£i. Cuá»™c sá»‘ng nÃ y khÃ´ng cÃ³ tÃ¬nh yÃªu vÄ©nh cá»­u. 1 láº§n lá»¡ tay giáº­n. 2 láº§n lÃ  má»™t thÃ³i quen. 3 láº§n trá»Ÿ lÃªn nÃ³ thuá»™c vá» báº£n cháº¥t. TÃ´i sá»£ báº¡n lÃ  ai Váº» ngoÃ i thanh lá»‹ch. NhÆ°ng khi anh á»Ÿ nhÃ , anh lÃ  má»™t con thÃº Ä‘á»™c Ã¡c khÃ´ng cÃ³ tÃ¬nh cáº£m cá»§a con ngÆ°á»i. Lá»i anh buÃ´ng tay. Chiáº¿n Ä‘áº¥u cá»§a anh áº¥y. TÃ´i sáº½ khÃ´ng bao giá» quÃªn náº¿u tÃ´i cháº¿t. ÄÃ n Ã´ng nghÃ¨o khÃ´ng Ä‘Ã¡ng trÃ¡ch. NhÆ°ng khÃ´ng Ä‘á»§ nÄƒng lá»±c vÃ  vÅ© phu má»™t láº§n ná»¯a, anh ta khÃ´ng xá»©ng Ä‘Ã¡ng vá»›i má»™t ngÆ°á»i Ä‘Ã n Ã´ng bh
train_updsknyvvt|Cháº¿t tiá»‡t :) tÃ¹ vl
train_yvhrpfnqyn|:( TrÆ°Æ¡ng Nháº­t Má»¹ Ä‘Ã£ chia sáº» má»™t bÃ i Ä‘Äƒng. <URL> Äá»«ng quan tÃ¢m. Vá» cÆ¡ báº£n tÃ´i khÃ´ng chÆ¡i xung quanh nhÆ°ng tÃ´i cÃ³ thá»ƒ há»c tá»‘t, tÃ´i khÃ´ng ngu ngá»‘c =)
train_egufzcbsaj|Tg cgg, tÃ´i Ä‘Ã³i vl
train_gqvpsimbyn|Cáº·c cá»§a Kiá»u May. Äáº¹p vl
train_pxzliplpio|Äá»«ng quÃ¡ kiÃªu ngáº¡o. . . Cuá»™c sá»‘ng khÃ´ng nhÃ m chÃ¡n chÃºt nÃ o <URL>
train_cgfxnagabu|Cáº¯t xoÃ i xl, dÃ y vcl =]]
train_lftngstcoi|Loáº¡i ngÆ°á»i biáº¿t cháº¥p nháº­n, nhÆ°ng khÃ´ng tráº£ tiá»n. . . :)
train_rxjmvotgaf|TÃ´i sá»£ lÃ m con gÃ¡i ğŸ™‚ vl
train_nzkyhqrgwm|Háº£i PhÃ²ng khÃ´ng thÃ­ch Ä‘i bá»™ xung quanh ğŸ˜ ğŸ˜ Tita Dinh <URL> BÃC S BLACK ÄEN. Háº£i PhÃ²ng, Ä‘á»«ng há»i :. . Máº­t ong ! DÃ¹ sao, tá»« tá»«, ngÆ°á»i anh em. . . ! ğŸ˜­ ğŸ˜­ TÃ´i cáº£m tháº¥y Ä‘au khá»• ğŸ˜­. . P / S: Vá»¥ viá»‡c xáº£y ra lÃºc 3 giá» ngÃ y 4. 5, táº¡i ngÃµ HoÃ ng QuÃ½ (huyá»‡n LÃª ChÃ¢n, thÃ nh phá»‘ Háº£i PhÃ²ng.
train_tfpjpmdper|LÃºc Ä‘Ã³ chÆ¡i cÃ¢m vl.
train_wpqseyjemk|á»’ khÃ´ng, bá»Ÿi vÃ¬ tÃ´i ngu ngá»‘c
train_qsfggixxas|ChÃ , tÃ´i khÃ´ng báº±ng ai cáº£. . ChÃ , lÃ m tháº¿ nÃ o vá» tÃ´i lÃ  cÃ´ng nhÃ¢n Ä‘Ã³? . . Náº¿u báº¡n giÃ u cÃ³, Ä‘á»«ng báº­n tÃ¢m Ä‘áº¿n giÃ y. . ok <URL>
train_yltsuqsxir|VN nhiá»u chÃ³ vÃ  chÃ³
train_zxnrnjmgbu|biáº¿n dáº¡ng hoÃ nh trÃ¡ng cá»§a PhÃº LÃª
train_oynbxiesxq|Quáº§n Ã¡o tráº¯ng cháº¿t tiá»‡t nhÆ° tÃ´i :)
train_xafczehexg|ThÃ nh láº­p má»™t Ä‘á»™i Ä‘á»ƒ Ä‘Æ°a Ace vÃ o bá» táº¡i FB. Chá»‰ trÃªn tk vÃ  k cÃ³ giao dá»‹ch trong nhÃ³m. ChÃ­nh xÃ¡c lÃ  18h05 sáº½ hoÃ n thiá»‡n sá»‘. KhÃ´ng yÃªu cáº§u Ä‘Äƒng nháº­p, khÃ´ng yÃªu cáº§u phÃ­. Ai muá»‘n vÃ o nhÃ³m Ä‘á»ƒ Ä‘Äƒng kÃ½ Ä‘á»ƒ thÃªm vÃ o nhÃ³m? Chá» chim cÃºt vÃ  Äƒn trÆ°á»›c khi chim cÃºt Ä‘áº¿n Ä‘k chim cÃºt
train_xxhimecwor|KhÃ¡t khao xÃºc pháº¡m vl hicc
train_igcnvwqodp|None
train_exifehqksg|Tuyáº¿t NhÃ¬ vl. . .
train_plmnmzwpwz|Nguyá»…n ThÆ¡ Ars cÃ³ khuÃ´n máº·t nhÆ° váº­y, anh khÃ´ng biáº¿t há»c
train_zfeefmlzqe|Nhá»¯ng ngÆ°á»i nÃ y lÃ m vl
train_qjttoizyzy|NhÃ¬n vÃ o * vl
train_eyytukgtqz|Ai tin tÃ´i sáº½ khÃ´ng tin tÃ´i
train_kjhlznxlcl|SÃ n Vi Khang. . Hoáº·c zl. . =)
train_cdpmuovsiy|None
train_kfozxvqngw|Táº¥t cáº£ dm :( lÃ m vl huhu :(
train_ndjfzvhkcu|Ã‚m nháº¡c báº¯t máº¯t vl: v
train_rtbfjdcidc|KhÃ¡nh Thiá»‡u buá»“n bÃ£ tháº£ em gÃ¡i ra. Báº¡n cá»§a báº¡n lÃ  nÆ¡i buá»“n cá»§a báº¡n
train_vgtdwyamgt|None
train_qddtidmrxz|Táº­p há»£p dÃ© vkl
train_obejdjlkkl|MÃ¡. NgÃ y xÆ°a, tÃ´i chia tay vÃ¬ viáº¿t sai chÃ­nh táº£ nhÆ°ng tÃ´i nghÃ¨o
train_lmdnjxudcm|Hao Pety cÃ³ má»™t tinh ranh. gÃ  vl
train_idvtvyotkr|TrÃ¡i tim tháº­t khÃ³ Ä‘oÃ¡n ğŸ˜Œ, TrÃ¡i tim cá»§a con chÃ³ khÃ³ nhai. #mode <URL>
train_fhkqayrhtk|HÃ¡ch dá»‹ch vcl =)
train_qfsjexpmzg|Nguyá»…n Há»“ Báº£o HÃ¢n lÃ  má»™t ngÆ°á»i Ä‘Ã n Ã´ng giÃ u cÃ³, giÃ u cÃ³ hÆ¡n, nhÆ°ng giÃ u cÃ³ nhÆ° RMIT, tÆ°Æ¡ng lai cÃ³ Ä‘áº§y Ä‘á»§ cÃ¡c giÃ¡m Ä‘á»‘c nhÆ°ng khÃ´ng ngu ngá»‘c :)
train_vwvqqhcgpu|Äáº¿m truyá»‡n tháº­t vl.
train_kjopfwllzb|Máº·t chÃ³ vl
train_sbrqzvxkkr|Mai Hiáº¿u NghÄ©a khÃ´ng Ä‘á»¥ ai khÃ¡c ngoÃ i m. Cháº¿t tiá»‡t <URL>
train_kwbfoutfst|nÃºt quáº¡t cá»©ng
train_mbaelnivxk|LÃª Huy Náº¿u báº¡n cá»© hÃºt nhiá»u cá», táº¡i sao khÃ´ng nÃ³i áº£o. Chá»‰ cáº§n chá» Ä‘á»£i, cs chÃºng tÃ´i má»™t ngÆ°á»i rÆ¡i tá»« ngÆ°á»i nÃ y sang ngÆ°á»i khÃ¡c, má»™t ngÆ°á»i Ä‘Ã£ qua Ä‘á»i. NhÆ°ng giá»‘ng nhÆ° giáº» rÃ¡ch ráº» tiá»n, chÃºng chá»‰ biáº¿t bÃ¡m, thÃ­ch chÃ³.
train_ndpomoanyg|Hiáº¿u Nguyá»…n bá»‹ bá»‡nh vl :)
train_kdssifszdh|Ngy t Ä‘i vá»›i t khÃ´ng máº·c Ã¡o ngá»±c =) bÃ¢y giá» trá»Ÿ thÃ nh má»™t cmnr cÅ© :(
train_dutuvvlqgz|ChÆ¡i v3 tá»‘t hÆ¡n v4, chÆ¡i v4 chÃ¡n
train_muqfekriyn|TÃ´i xin lá»—i
train_lfdcjflezy|Kim Äk khiáº¿n ngÆ°á»i hÃ¢m má»™ váº¥t váº£. . . vl
train_cozluwiqzz|Tuáº¥n Anh Cui cc li lÃ m vl.
train_rkkrdqdcgh|Trong quÃ¡ khá»©, anh chÃ ng nÃ y trÃ´ng tháº­t ngu ngá»‘c. . <URL>
train_xnpwmutgyz|Thá»i tiáº¿t xáº¥u Ä‘áº¿n vl
train_lyybugbptr|Má»™t sá»‘ káº» ngá»«ng chuáº©n bá»‹
train_gnalrgmnrn|Duma cháº¥t lÆ°á»£ng cao :)
train_pcyslbtvms|TÃ´i thÃ­ch báº¡n vl
train_caftkwgudv|HÃ£y chÄƒm sÃ³c tÃ´i :)
train_woxxkwmaqw|Dit tÃ´i. Dá»‹ á»©ng vl
train_hxjxlrgkgu|Chá»‰ trÃ­ch. . . TÃ´i thá», tÃ´i thá»•i nhÆ° tháº¿ Phi Pháº¡m chia sáº» má»™t bÃ i. <URL> Bombsquad
train_ytjcmjhiew|Pháº¡m Quyáº¿tet im láº·ng
train_xjpcabhnei|ÄÃ³ lÃ  tÃ¬nh máº¹ tá»“i tá»‡ =) cay vl
train_rglieysulh|Duy KhÃ¡nh Ä‘á» máº·t vip
train_fjnmoicxnb|Cong Nguyen thÃ­ch sá»± ngu ngá»‘c
train_tkulltpxmt|Ä‚n "máº¡nh" :( ma sá»£ vl :(
train_xlfyntffuc|Dcm hÃ i hÆ°á»›c =)
train_tcqiimsjyi|dm thÃ­ch xem anh chÃ ng nÃ y vl
train_qaysrhbmya|HoÃ ng Long Nguyá»…n Ä‘Ã³ng phim nháº¡t nháº½o
train_totfvntogw|LÃª Hiáº¿u NghÄ©a <URL> Miá»‡ng to. NhÃ³m gá»i tÃªn tÃ´i ğŸ“£. # TaitoMomzau
train_lplkbxmtda|LÃª HÃ  Vy <URL> Miá»‡ng lá»›n. NhÃ³m gá»i tÃªn tÃ´i ğŸ“£. # TaitoMomzau
train_khuwafbvrc|Chá»‰ trÃ­ch,. . . . LÃ m tháº¿ nÃ o Ä‘á»ƒ biáº¿t tÃ´i nghÃ¨o hay tÃ´i? ChÃ³ Ä‘á»‹nh má»‡nh cáº¯n <URL>
train_fygychvhvi|Chá»‰ trÃ­ch. . . . . Ä‘au rÄƒng vl
train_ackwdgutsm|TÄƒng cá» cho pi vl
train_curywebxck|M qua Nháº­t Báº£n lÃ m Ä‘iá»u Ä‘Ã³. HÃ£y cho tÃ´i tiá»n, vÃ  báº¡n sáº½ cÃ³ tÃ´i :). Quáº£ Ã³c chÃ³ The Walnut :)
train_mxjqwsjxwu|TrÃªn sÃ¢n ngu, vl
train_onohvzdtan|Duy Thuáº­n :) cáº£m tháº¥y nhÃ  vl
train_ayiyxfvuxt|Trang nhá» thá» sáº½ tháº¥y bá»©c áº£nh nÃ y hoÃ n thÃ nh khi nhÃ¬n vÃ o áº£nh bÃ¬a, vl :(
train_brfnjgjhaf|Xem r. . . Chá»‰ trÃ­ch. . Vl cay
train_lhciyfzxfi|TÃ´i cÃ³ má»™t cÃ¡i bÄ©u mÃ´i * bÄ©u mÃ´i
train_qdurohkhgf|Äiá»u ngu ngá»‘c nháº¥t lÃ  khÃ´ng bao giá» nhá»› Ä‘Æ°á»ng ğŸ˜­ ğŸ˜­ ğŸ˜­ Ly BÃ¹i Ã­ cáº£m tháº¥y cÃ¢m.
train_rwdnvqinke|MÃ¡ thÃ¡ng ba vl
train_nmvqbqxtii|Buá»“n quÃ¡. . . TÃ´i khÃ´ng biáº¿t pháº£i nÃ³i gÃ¬. . . Vl nhá»¥c
train_scejqvetwe|HÃ£y Ä‘á»ƒ tÃ´i trá»Ÿ thÃ nh má»™t fan cá»©ng Ditme khÃ´ng thá»ƒ biáº¿n thÃ nh má»™t fan cá»©ng Cmt thÃ nh má»™t cháº£o cá»©ng
train_hcaogaugpu|ÄoÃ n Hai Sam Ä‘á»¥ clip con vl :)
train_vwsjmkkshh|Con chÃ³ nÃ o mÃ  BÃ¹i cá»©t chÃ³ cá»©t?
train_uonkptjqos|TÃ´i khÃ´ng biáº¿t táº¡i sao tÃ´i thÃ­ch nhá»¯ng trÆ°á»ng há»£p nÃ y. -
train_ggbdjcodwx|TÃ´i nÃ³i ráº¥t nhiá»u nhÆ°ng con trÃ¢u nÃ y bÃ©o quÃ¡
train_awctkpqfwl|Náº¿u chá»‰ cÃ³ cÃ´ áº¥y cÃ³ thá»ƒ vÆ°á»£t qua thá»i gian nÃ y, Ä‘á»¥ máº¹ cá»§a báº¡n, DAM. Báº¡n Ä‘ang lo ğŸ˜’ <URL>
train_ntzmeognne|. TÃ´i khÃ´ng thá»ƒ tin Ä‘Æ°á»£c. C1 nÄƒm nay ráº¥t tá»‘t
train_hilntmhzop|Tháº­t lÃ  má»™t tiáº¿ng khÃ³c khá»§ng khiáº¿p
train_cvhbekhsef|NgÃ´ Äáº¡t an toÃ n vÃ  may máº¯n khi cÃ³ ná»¥ cÆ°á»i lol
train_iqgwfgbjsj|Pháº¡m VÄƒn Linh trÃ´ng giá»‘ng Tiáº¿n Tráº§n vl
train_pfhnfnkfro|Äáº¡p máº¹ nÃ³i nhiá»u vl.
train_fmuauwlcrk|Hiáº¿u Tháº£o báº¯t Ä‘áº§u lÃ m viá»‡c
train_epjfqjofae|Ngoáº¡i giao Peter Le Phi Hung cÅ©ng quan trá»ng nhÆ° dell pai nhÆ° nhá»¯ng káº» ngá»‘c
train_enffcbwzpk|Biáº¿t chá»§ Ä‘á» lÃ  gÃ¬ nhÆ°ng Ä‘áº¹p
train_ekogjijnam|Dm Ä‘Ã¡nh váº§n vá»›i lá»—i chÃ­nh táº£ cÅ©ng cho tháº¥y nÃ³ ra. . $ BÃ´ng há»“ng lá»­a ngá»t ngÃ o)
train_gonzzzpryu|Ni Le nhÃ¬n tÃ´i vÃ  nhÃ¬n vÃ o bá»©c tranh
train_egznighyyg|Vl cay háº¹ Ä‘i háº¹
train_qoqsphgmls|None
train_iifqtrsaho|Tráº§n Minh Thu tháº­t kinh tá»Ÿm
train_ysbwjdknsp|CÃ´ gÃ¡i tháº§n kinh . Vl
train_awbkbkycdq|Xem má»™t con trÃ¢u
train_bamswpgonw|Pháº¡m HÃ  Thu dm =) Tháº­t lÃ  má»™t con chÃ³ ngu ngá»‘c :)
train_usatvkdwun|Tráº§n HÃ¹ng khÃ´ng ngá» ngÆ°á»i hÃ¢m má»™ Barca Äƒn chÃ¡o
train_pwueaolggv|Náº¿u báº¡n Ä‘Ã¡nh ai Ä‘Ã³, báº¡n sáº½ vui lÃ²ng chá»‘ng tráº£ nhÆ° má»™t con chÃ³ con sá»£ cháº¿t
train_jlgjrkibde|Vi HoÃ n khÃ´ng nhÆ°á»ng Ä‘Æ°á»ng.
train_othzlrlalf|Con ngÆ°á»i tá»‘t hÆ¡n chÃ³ á»Ÿ nhá»¯ng nÆ¡i ngÆ°á»i ta nÃ³i, sau Ä‘Ã³ chÃ³ nÃ³i dell nge.
train_yssdzstaxk|Ngá»±c hÃ¬nh chá»¯ L lun Ã . . á»“
train_iujkyxwezo|Vl 2 nÄƒm gÃ 
train_cwzedyuoxa|MÃ¡ chÃ³:
train_sgoietyldx|T thÃ¨m Ä‘á»“ Äƒn chiÃªn cho chuá»™t chiÃªn
train_zgdohqhsdg|xem láº¡i nhÆ° máº¯t nÃ³ng vcut
train_eiuhsbdmiv|Chá»‰ trÃ­ch :)
train_tckmqiuhkk|ÄÃºng máº¹ cá»§a chÃºng tÃ´i
train_vkjfcwvbve|Vui váº» nhÆ° má»™t con chÃ³
train_dvsrfzohrh|Nguyá»…n NhÆ° Huá»³nh vÃ¬ tÃ´i khÃ´ng thÃ­ch nÃ³ kkk.
train_smttprdonu|Äá»«ng báº¯n vÃ o giá»¯a khi báº¡n báº¯n.
train_djiaowgvha|Báº¥t cá»© Ä‘iá»u gÃ¬ cÃ³ thá»ƒ Ä‘Æ°á»£c pr
train_iyfquycjvw|Tháº­t lÃ  má»™t bá»©c tranh Ä‘áº¹p :)
train_ttiadlxvee|Nguyá»…n Minh Háº£i Ä‘Ã£ cáº£m tháº¥y má»‡t má»i cáº£ ngÃ y
train_bvqaxwnmuh|Há»“ng Há»“ng vá»«a Ä‘i xong cm láº¡i. Tháº­t máº¡nh máº½. Kkk
train_abexukdlpc|VÃ¬ dÃ¢n tá»™c Trung Quá»‘c, vÃ¬ dÃ¢n tá»™c Trung Quá»‘c? BÃ¡c xá» nÃ³ chá»‰ vá»«a Ä‘á»§! Anh ta chá»‰ náº±m xuá»‘ng, anh ta chÆ°a cháº¿t, nhÆ°ng anh ta khÃ´ng quen vá»›i giá»ng nÃ³i xuyÃªn tháº¥u Ä‘Ã³! ğŸ˜‚
train_hbpyawvldz|HoÃ ng Thá»‹ Mai khÃ´ng Ä‘áº¥m ná»¯a.
train_abanxammhk|Äá»«ng káº¿t hÃ´n láº§n ná»¯a =)
train_xbkgytvgum|TÃ´i trÃ¢n trá»ng nháº¯c láº¡i. ÄÃ¢y khÃ´ng pháº£i lÃ  má»™t mÃ³n quÃ  sinh nháº­t. ÄÃ¢y lÃ  nhá»¯ng gÃ¬ che miá»‡ng cá»§a báº¡n Ä‘á»ƒ báº¡n khÃ´ng pháº£i lo láº¯ng vá» nÃ³ má»—i khi tÃ´i váº½. =). P. s: Ã½ tÆ°á»Ÿng cováº» tá»« má»™t nghá»‡ sÄ©. DÃ¢n HÃ  vÃ  Na Na. <URL>?
train_tlmnsunqpf|Bá»¥ng tÃ´i luÃ´n tá»‘i
train_tclougzdmr|TÃ´i cÅ©ng Ä‘Ã£ chá»‰ Ä‘á»‹nh cho ngÆ°á»i Ä‘á»c xem bá»™ phim nÃ o tá»‘i vÃ  ai biáº¿t nÃ³ khÃ´ng rÃµ ğŸ˜‚ Phong Do <URL>? loáº¡i = 3 Oh Yeah. Bá»™ phim Ä‘Ã³ lÃ  gÃ¬?
train_kpwnyzxagn|Xe vÃ o cá»•ng 2h15 '- 8h36'. Nguyá»n rá»§a cáº£ 5 ngÆ°á»i. Náº¿u khÃ´ng, "" 14:00, anh báº¡n. Anh thÃ´ng cáº£m. "". Cha, ai thÃ´ng cáº£m cho OPS, ai thÃ´ng cáº£m cho ngÆ°á»i lÃ¡i xe. . . . . . P / s: 1 cont láº¡i giáº£m, khÃ´ng cÃ³ cÃ¡ch chá»¯a. <URL>?
train_lnehtenyfk|Bá»™ John "Ä‘á»§" Ä‘áº·t "Ä‘á»ƒ Ä‘e dá»a FomÃºa, liá»‡u anh ta cÃ³ thá»ƒ bá»‹ Ä‘Ã¢m sÃ¢u hÆ¡n khÃ´ng? HÃ£y nhá»› ráº±ng Ã´ng giÃ  Ä‘Ã£ nÃ³i: ráº¥t lÃ¢u Ä‘á»ƒ con trÃ¢u biáº¿n thÃ nh bÃ¹n, 70 nÄƒm, khÃ´ng chá»‰ 7 thÃ¡ng hay 7 nÄƒm, thÆ°a Ã´ng?
train_qndyncufhq|CÃ³ nhá»¯ng chiáº¿c xe gháº» gáº·p cáº£ hai ngÆ°á»i. <URL>? PhotÃ³from Rainbow Sau bÃ i viáº¿t cá»§a Rain
train_jvhhdicbcz|TÃ´i khÃ´ng thá»ƒ chá»‹u Ä‘á»±ng Ä‘Æ°á»£c haha
train_ravzyflojt|Dan Dan, "khá»‘n kiáº¿p", lÃ  cÃ³ tháº­t nhÆ°ng ngoÃ i kia cÃ²n nhiá»u thá»© khÃ¡c, cháº³ng háº¡n nhÆ° káº¿ hoáº¡ch Ä‘i mua Ä‘á»“ Ä‘áº¡c, kiáº¿m thÃªm thu nháº­p, cÃ¡c cáº·p vá»£ chá»“ng Ä‘i chÆ¡i, vá», nuÃ´i con, chia sáº» vÃ  giÃºp Ä‘á»¡ láº«n nhau. QuÃ¡ nhiá»u thá»© cáº§n nhau, khÃ´ng chá»‰ Ä‘á»ƒ Ä‘á»¥ chÃºng ,. Nháº­n xÃ©t vá» bá»©c áº£nh, ngÆ°á»i chá»“ng pháº£i xem khi vá»£ ngá»§, náº¿u vá»£ khÃ´ng cÃ³ Ä‘iá»u gÃ¬ xáº¥u, cÃ´ áº¥y Ä‘Æ°a ra nhá»¯ng bÃ¬nh luáº­n khÃ´ng hay vá» mÃ¬nh, vÃ¬ váº­y cÃ´ áº¥y khÃ´ng xá»©ng Ä‘Ã¡ng lÃ m chá»“ng, mÃ  cÃ²n pháº£i xem xÃ©t vá»‹ trÃ­ cá»§a ngÆ°á»i chá»“ng. xem tÃ¬nh hÃ¬nh. sao,
train_eidumeftpz|Quáº£n lÃ½ quáº¡t cá»©ng. TÃ´i Ä‘Ã£ chá» Ä‘á»£i vá»‹ trÃ­ nÃ y trong má»™t thá»i gian dÃ i bÃ¢y giá». Báº¥t cá»© ai muá»‘n lÃ m cho má»™t fan hÃ¢m má»™ cá»©ng nháº¯c cáº§n pháº£i thÃ­ch hoáº·c theo dÃµi concacs chá»‰ cáº§n lÃ m báº¡n vá»›i tÃ´i. Há»©a trong vÃ²ng 24 giá» Ä‘á»ƒ cÃ³ káº¿t quáº£ ğŸ¤£ ğŸ¤£
train_yannxonwej|Douma mat day =) \) \) \) \) \) Hiá»n VÅ© <URL> Thon Nu. CÃCH CHÆ I Vá»šI TÃŒNH YÃŠU Cá»¦A Báº N Báº N: v. # thonnu
train_qtieuofvud|Há» Ä‘áº§y ráº«y
train_dymydcilgw|Tá»‘i hÃ´m Ä‘Ã³, thá»‹t chÃ³ ráº¥t ngon tÃ´i lÃ m 4 bÃ¡t bá»¥ng cÄƒng ra ngá»§.
train_dhubmtukik|TÃ´i nÃ³i sá»± tháº­t vá»›i cÃ¡c báº¡n. . . Láº§n Ä‘áº§u tiÃªn lÃ m Ä‘iá»u Ä‘Ã³. Nhiáº¿p áº£nh gia cÃ³ Ä‘áº§u Ã³c ^^ <URL>?
train_nwfqxbudoa|Lá»—i vclin trá»±c tiáº¿p ğŸ˜ ğŸ˜
train_jhzgqrzquv|TÃ´i khÃ´ng cÃ³ tiá»n 16
train_cnepblsiui|Ã”i. . . Huy hiá»‡u nÃ y lÃ  gÃ¬ ná»¯a ğŸ¤£ ğŸ¤£ ğŸ¤£
train_vzumbofewl|CÃ  chua Ä‘Ã£ cÆ°á»i cÃ¡i tÃ´i k
train_syqslwdehp|Káº¿t thÃºc ká»³ nghá»‰ vá»›i cÃ´ng ty Ä‘áº§y cáº£m xÃºc. káº¿t thÃºc. . Äá»™i chÆ¡i Ãºp máº·t, tan nÃ¡t muá»‘n Ä‘Ã¨ báº¹p. . . Táº¥m vÃ nh. . . . Cháº¥n thÆ°Æ¡ng lÆ°ng cuá»‘i cÃ¹ng. . . Äiá»‡n thoáº¡i má»›i sáº¯p ra máº¯t. . . . P / s: háº­n thÃ¹ Ä‘Ã£ Ä‘áº©y anh ta xuá»‘ng há»“ bÆ¡i Nguyá»…n Vy Há»¯u PhÃºc Ã­with Nguyá»…n ThÃ¹y táº¡i Champa Resort & Spa - Phan Thiáº¿t. <URL>? PhotÃ³from Nguyá»…n Vy Há»¯u PhÃºc
